state,region,iphone_sales,ipad_sales,mac_sales,wearables,services_revenue,total_sales,cluster,performance_tier,predicted_tier1,predicted_tier2
Chongqing,Greater China,7.46,6.75,1.19,5.88,15.88,21.28,2,0,0,2
Germany,Europe,8.63,14.06,7.03,7.42,10.12,37.14,1,1,1,1
UK,Europe,5.61,14.09,8.78,8.19,19.85,36.669999999999995,5,1,1,5
Shanghai,Greater China,7.82,7.97,9.78,2.28,6.16,27.85,4,0,0,4
Thailand,Rest of Asia,16.7,8.13,6.46,3.48,13.29,34.769999999999996,4,1,1,4
Chongqing,Greater China,12.18,10.97,9.38,11.65,12.7,44.18,5,2,2,5
UK,Europe,25.47,7.41,7.18,7.56,17.2,47.62,0,2,2,0
New York,North America,22.37,6.74,4.39,3.22,16.07,36.72,2,1,1,2
Mexico,Rest of World,20.8,6.79,4.99,2.68,8.69,35.26,2,1,1,2
Italy,Europe,9.06,9.14,8.99,2.66,6.01,29.850000000000005,4,0,0,4
Hong Kong,Greater China,5.58,5.78,5.89,2.82,13.87,20.07,4,0,0,4
Canada,Rest of World,12.28,6.65,4.37,5.13,5.29,28.43,2,0,0,2
Hong Kong,Greater China,23.29,13.29,2.59,3.22,11.99,42.39,3,1,1,3
Japan,Rest of Asia,16.12,14.89,7.61,9.52,19.63,48.14,5,2,2,5
Japan,Rest of Asia,16.91,6.2,3.21,10.31,10.7,36.63,6,1,1,6
Spain,Europe,14.08,9.92,2.07,9.33,11.32,35.4,1,1,1,1
Chongqing,Greater China,7.92,8.77,5.19,3.08,16.14,24.96,4,0,0,4
Australia,Rest of World,8.1,13.87,7.77,10.79,6.9,40.53,5,1,1,5
Shanghai,Greater China,14.08,4.66,8.77,10.67,15.1,38.18,5,1,1,5
Australia,Rest of World,10.45,3.08,7.61,8.0,15.76,29.14,5,0,0,5
Beijing,Greater China,11.85,3.43,4.48,2.79,16.34,22.549999999999997,2,0,0,2
Hong Kong,Greater China,13.42,3.79,4.91,11.84,18.03,33.96,5,0,0,5
India,Rest of Asia,23.69,2.77,3.9,6.84,13.07,37.2,6,1,1,6
Texas,North America,24.11,4.93,1.48,10.42,16.93,40.94,6,1,1,6
California,North America,11.12,14.08,4.5,4.33,16.39,34.03,1,0,0,1
Spain,Europe,16.08,3.88,4.36,11.14,9.85,35.459999999999994,6,1,0,6
California,North America,23.96,10.33,8.94,3.09,13.39,46.31999999999999,3,2,2,3
Australia,Rest of World,16.36,14.36,2.98,7.38,13.66,41.08,1,1,1,1
Germany,Europe,10.31,10.27,8.84,5.13,5.29,34.55,4,1,1,4
Hong Kong,Greater China,10.97,4.94,2.82,9.96,6.63,28.69,6,0,0,6
South Africa,Rest of World,27.37,3.27,5.54,3.93,9.83,40.11,0,1,2,0
Canada,Rest of World,29.01,12.32,7.66,4.86,8.16,53.849999999999994,3,2,2,3
South Africa,Rest of World,16.2,9.09,6.42,11.85,13.95,43.56,5,2,2,5
Mexico,Rest of World,15.92,8.53,5.42,2.26,11.28,32.129999999999995,4,0,0,4
Brazil,Rest of World,29.86,9.45,9.67,3.92,6.25,52.900000000000006,3,2,2,3
UK,Europe,23.34,9.22,6.47,10.89,15.56,49.92,0,2,2,0
California,North America,21.14,2.96,3.26,3.52,5.32,30.88,2,0,0,2
Hong Kong,Greater China,12.99,7.3,4.49,2.23,14.89,27.01,2,0,0,2
New York,North America,25.2,14.4,8.0,3.31,16.93,50.910000000000004,3,2,2,3
Chongqing,Greater China,11.79,7.05,8.33,11.81,15.66,38.980000000000004,5,1,1,5
Texas,North America,11.16,12.83,2.06,6.05,13.06,32.1,1,0,0,1
Texas,North America,27.91,8.84,9.78,6.97,13.36,53.5,0,2,2,0
California,North America,14.87,14.94,8.61,9.9,13.49,48.32,5,2,2,5
South Africa,Rest of World,11.78,14.17,7.16,11.4,10.67,44.51,5,2,2,5
Spain,Europe,29.36,8.34,5.44,4.53,18.88,47.67,3,2,2,3
UK,Europe,19.55,10.51,6.56,8.96,8.14,45.580000000000005,5,2,2,5
Japan,Rest of Asia,17.39,10.56,9.93,11.82,8.8,49.7,5,2,2,5
UK,Europe,24.97,5.38,4.7,2.89,5.5,37.94,2,1,1,2
Brazil,Rest of World,25.24,3.68,7.63,8.3,12.67,44.849999999999994,0,2,2,0
Chongqing,Greater China,19.66,11.05,4.6,5.84,12.82,41.150000000000006,3,1,1,3
Florida,North America,12.6,9.68,4.17,9.61,5.24,36.06,1,1,1,1
California,North America,28.25,9.16,1.22,3.03,17.99,41.66,3,1,1,3
Canada,Rest of World,21.58,9.81,9.31,7.26,7.24,47.96,0,2,2,0
Canada,Rest of World,20.51,7.61,3.31,5.28,14.46,36.71,2,1,1,2
UK,Europe,18.18,2.08,3.47,4.66,17.31,28.389999999999997,2,0,0,2
UK,Europe,18.79,6.59,6.56,8.7,18.31,40.64,0,1,1,5
Hong Kong,Greater China,20.42,8.76,8.74,3.84,16.73,41.760000000000005,4,1,1,4
California,North America,8.87,3.59,5.94,5.0,19.62,23.4,2,0,0,2
UK,Europe,20.84,2.74,1.83,6.0,5.33,31.409999999999997,2,0,0,2
Illinois,North America,21.37,9.84,7.66,2.33,19.03,41.2,3,1,2,3
South Korea,Rest of Asia,15.76,12.14,4.22,2.96,11.5,35.08,3,1,1,1
Florida,North America,5.75,9.95,6.97,11.94,15.45,34.61,5,1,1,5
Canada,Rest of World,27.98,4.88,5.99,10.87,6.32,49.72,0,2,2,0
Italy,Europe,23.49,8.08,2.34,9.98,5.51,43.89,6,2,1,6
Illinois,North America,29.67,6.05,7.07,10.84,16.98,53.629999999999995,0,2,2,0
UK,Europe,26.58,7.73,5.96,10.36,14.72,50.63,0,2,2,0
South Korea,Rest of Asia,6.85,10.25,6.74,11.83,16.49,35.67,5,1,1,5
Hong Kong,Greater China,28.27,8.25,5.57,3.09,14.65,45.17999999999999,3,2,2,3
Chongqing,Greater China,17.47,8.26,4.76,3.78,15.44,34.269999999999996,2,0,0,2
Beijing,Greater China,28.38,4.85,7.0,7.94,17.37,48.169999999999995,0,2,2,0
New York,North America,23.19,5.47,4.97,6.61,15.84,40.24,0,1,1,2
Japan,Rest of Asia,6.1,8.47,4.43,9.92,17.18,28.92,5,0,0,5
Italy,Europe,28.53,7.37,9.16,5.24,11.46,50.300000000000004,0,2,2,0
Chongqing,Greater China,27.24,14.61,5.57,3.63,6.72,51.05,3,2,2,3
India,Rest of Asia,13.12,2.58,3.63,7.54,15.18,26.869999999999997,2,0,0,2
Thailand,Rest of Asia,28.65,13.65,3.67,11.14,7.29,57.11,6,2,2,6
Indonesia,Rest of Asia,6.38,2.24,3.34,8.06,10.28,20.020000000000003,2,0,0,2
California,North America,24.08,9.3,4.65,11.9,12.4,49.92999999999999,6,2,2,6
New York,North America,21.51,12.58,9.46,6.62,6.02,50.17,3,2,1,3
South Africa,Rest of World,11.88,8.57,9.03,5.24,8.63,34.720000000000006,4,1,1,4
Shenzhen,Greater China,28.7,12.21,4.46,4.68,15.72,50.05,3,2,2,3
Hong Kong,Greater China,26.67,11.15,6.43,3.28,5.62,47.53,3,2,2,3
Florida,North America,11.33,4.33,9.09,3.42,7.0,28.17,4,0,0,4
Brazil,Rest of World,11.79,9.07,3.91,2.36,5.94,27.13,2,0,0,2
Shenzhen,Greater China,8.41,5.95,7.91,10.76,19.42,33.03,5,0,0,5
South Africa,Rest of World,25.8,4.4,6.84,4.91,18.44,41.95,0,1,1,0
Beijing,Greater China,22.58,12.33,6.81,4.26,7.74,45.98,3,2,2,3
Chongqing,Greater China,21.82,9.37,2.48,10.73,9.51,44.39999999999999,6,2,2,6
Florida,North America,19.95,11.25,8.94,10.2,12.98,50.34,5,2,2,5
Chongqing,Greater China,22.7,7.95,9.98,9.73,15.48,50.36,0,2,2,0
South Africa,Rest of World,16.84,13.52,1.88,3.33,19.2,35.57,1,1,1,1
UK,Europe,19.23,7.92,2.37,5.09,5.19,34.61,2,1,1,2
Shanghai,Greater China,27.23,11.11,2.33,5.69,18.36,46.36,3,2,2,3
Japan,Rest of Asia,23.13,12.58,6.1,8.65,17.2,50.46,3,2,2,3
Texas,North America,22.05,9.66,5.08,10.94,9.11,47.73,6,2,2,6
Hong Kong,Greater China,14.89,7.7,8.16,6.7,14.81,37.45,4,1,1,4
Hong Kong,Greater China,22.22,5.35,1.65,6.33,5.26,35.55,6,1,1,2
Italy,Europe,12.41,10.8,8.7,2.68,5.53,34.59,4,1,1,4
New York,North America,8.66,6.15,3.11,4.44,10.53,22.360000000000003,2,0,0,2
Hong Kong,Greater China,27.23,9.22,7.54,3.39,17.71,47.38,3,2,2,3
Japan,Rest of Asia,16.41,2.51,9.37,3.91,19.89,32.2,4,0,0,4
Germany,Europe,28.52,14.61,1.66,3.01,13.99,47.79999999999999,3,2,2,3
Indonesia,Rest of Asia,16.98,5.83,4.81,4.11,15.29,31.73,2,0,0,2
South Africa,Rest of World,20.18,6.75,3.52,5.63,8.29,36.08,2,1,1,2
Shanghai,Greater China,9.25,2.44,9.97,6.05,15.74,27.71,4,0,0,4
South Africa,Rest of World,7.78,12.56,6.9,10.93,14.18,38.17,5,1,1,5
Mexico,Rest of World,15.4,11.95,9.7,9.37,19.29,46.419999999999995,5,2,2,5
India,Rest of Asia,8.5,3.96,9.52,7.86,13.18,29.84,4,0,0,5
Italy,Europe,6.58,10.3,4.63,2.66,11.97,24.17,4,0,0,4
Mexico,Rest of World,5.16,6.95,9.0,7.52,18.95,28.63,4,0,0,4
France,Europe,7.66,4.35,4.08,11.18,9.6,27.27,5,0,0,5
Beijing,Greater China,7.38,7.05,3.47,3.96,7.4,21.86,2,0,0,2
Illinois,North America,15.51,3.73,6.82,4.93,8.71,30.99,2,0,0,2
Australia,Rest of World,5.63,5.92,2.45,4.82,9.42,18.82,2,0,0,2
Canada,Rest of World,20.49,13.08,8.06,3.78,5.11,45.410000000000004,3,2,2,3
California,North America,6.76,8.9,2.62,8.51,13.83,26.79,1,0,0,1
Brazil,Rest of World,7.39,4.25,4.18,10.24,7.91,26.060000000000002,5,0,0,5
South Korea,Rest of Asia,15.57,12.04,2.49,8.69,17.46,38.79,1,1,1,1
Shanghai,Greater China,12.93,10.29,1.57,7.98,8.75,32.769999999999996,1,0,0,1
Australia,Rest of World,13.33,5.5,6.3,8.41,19.58,33.54,5,0,0,5
Shanghai,Greater China,8.32,2.34,6.9,11.53,6.75,29.090000000000003,5,0,0,5
South Korea,Rest of Asia,28.24,13.67,6.77,6.12,17.31,54.79999999999999,3,2,2,3
South Africa,Rest of World,9.63,8.45,6.68,3.46,17.5,28.22,4,0,0,4
Texas,North America,26.36,10.12,8.15,6.86,15.76,51.489999999999995,0,2,2,0
Shenzhen,Greater China,13.86,3.85,4.84,7.13,14.08,29.68,2,0,0,2
Chongqing,Greater China,9.58,13.9,5.88,9.52,7.26,38.879999999999995,1,1,1,1
Beijing,Greater China,16.75,14.07,3.48,8.8,19.52,43.099999999999994,1,2,2,1
South Africa,Rest of World,24.19,9.13,6.07,2.28,10.31,41.67,3,1,1,3
Mexico,Rest of World,24.1,14.35,1.15,3.23,16.6,42.83,3,1,1,3
Australia,Rest of World,16.34,5.63,9.88,3.96,18.73,35.81,4,1,1,4
India,Rest of Asia,9.31,9.3,1.5,4.95,7.52,25.06,1,0,0,1
Brazil,Rest of World,12.57,14.67,2.16,3.92,17.01,33.32,1,0,0,1
Illinois,North America,27.31,8.27,8.33,5.09,19.6,49.0,0,2,2,0
Beijing,Greater China,29.66,10.99,3.72,2.01,19.57,46.379999999999995,3,2,2,3
Brazil,Rest of World,26.48,11.96,8.32,7.07,14.38,53.83,3,2,2,3
Shanghai,Greater China,22.97,3.83,5.52,10.57,9.41,42.88999999999999,0,1,1,0
Australia,Rest of World,10.12,4.78,8.32,5.17,15.83,28.39,4,0,0,4
Mexico,Rest of World,17.71,3.88,5.41,7.79,18.17,34.79,2,1,1,2
South Africa,Rest of World,5.2,5.26,1.51,3.91,10.35,15.88,2,0,0,2
Canada,Rest of World,17.84,12.84,8.57,2.53,14.78,41.78,3,1,2,4
South Korea,Rest of Asia,24.84,11.35,6.75,9.66,16.52,52.599999999999994,0,2,2,0
Australia,Rest of World,15.88,13.2,4.9,5.64,15.51,39.62,1,1,1,1
India,Rest of Asia,12.54,7.68,8.8,9.81,17.16,38.83,5,1,1,5
Brazil,Rest of World,26.13,4.03,1.33,3.37,12.1,34.86,2,1,1,2
Texas,North America,14.44,13.33,8.36,4.29,19.83,40.419999999999995,4,1,1,4
Australia,Rest of World,20.42,14.97,5.11,6.49,13.59,46.99,3,2,2,3
Germany,Europe,21.12,11.98,2.3,4.76,8.45,40.16,3,1,1,3
Shenzhen,Greater China,25.08,4.84,5.32,9.69,10.77,44.92999999999999,0,2,2,0
Shenzhen,Greater China,28.8,4.74,2.08,6.06,8.15,41.68,6,1,1,6
Illinois,North America,27.66,12.94,8.11,5.53,9.46,54.24,3,2,2,3
Illinois,North America,25.43,3.15,4.72,4.81,12.76,38.11,2,1,1,2
Shenzhen,Greater China,29.84,5.28,3.67,9.12,6.29,47.91,6,2,2,6
South Africa,Rest of World,24.94,11.63,4.15,2.26,5.51,42.98,3,1,1,3
Chongqing,Greater China,18.26,6.79,4.76,9.71,15.86,39.52,6,1,1,6
France,Europe,6.28,9.86,8.33,10.56,11.61,35.03,5,1,1,5
Mexico,Rest of World,17.8,7.49,8.35,10.95,7.43,44.59,5,2,2,5
Shenzhen,Greater China,25.6,4.44,8.81,3.0,5.12,41.85,0,1,1,0
Spain,Europe,25.98,3.33,9.17,11.69,9.6,50.17,0,2,2,0
Chongqing,Greater China,15.18,12.82,6.19,6.4,11.1,40.589999999999996,1,1,1,3
Hong Kong,Greater China,24.97,11.3,5.57,8.83,8.03,50.669999999999995,3,2,2,3
California,North America,13.34,8.37,3.44,11.14,17.14,36.290000000000006,1,1,1,1
Germany,Europe,25.89,11.99,6.55,9.09,10.41,53.519999999999996,3,2,2,3
California,North America,15.49,9.53,5.19,11.58,6.63,41.79,5,1,1,5
Beijing,Greater China,13.45,6.05,8.29,11.99,11.45,39.78,5,1,1,5
Hong Kong,Greater China,28.94,4.17,5.74,9.33,13.98,48.18,0,2,2,0
Hong Kong,Greater China,16.45,10.27,3.21,8.11,5.88,38.04,1,1,1,1
Mexico,Rest of World,25.99,8.02,7.33,2.44,8.26,43.779999999999994,3,2,2,3
Shanghai,Greater China,16.45,4.59,7.94,3.69,9.54,32.67,4,0,0,4
Australia,Rest of World,9.11,2.11,5.68,4.65,19.55,21.549999999999997,2,0,0,2
Indonesia,Rest of Asia,22.14,9.47,4.87,7.27,18.92,43.75,3,2,2,3
France,Europe,9.22,7.62,2.66,11.89,5.99,31.39,1,0,0,1
Beijing,Greater China,18.88,8.92,6.09,6.47,7.56,40.36,3,1,1,3
France,Europe,28.25,3.97,5.16,4.06,16.25,41.44,0,1,1,0
Chongqing,Greater China,28.38,6.12,6.39,11.71,11.37,52.6,0,2,2,0
Texas,North America,7.01,13.03,5.94,7.17,15.43,33.15,1,0,0,1
Hong Kong,Greater China,17.95,9.49,6.06,11.66,11.92,45.16,5,2,2,5
Italy,Europe,6.25,6.44,5.5,4.85,19.08,23.04,4,0,0,4
Canada,Rest of World,24.23,7.93,2.89,2.69,13.15,37.739999999999995,2,1,1,2
South Africa,Rest of World,14.24,12.67,5.55,8.11,12.64,40.57,1,1,1,1
Germany,Europe,22.89,14.29,3.96,10.72,5.05,51.86,1,2,2,1
UK,Europe,22.52,9.0,5.55,10.26,19.37,47.33,6,2,2,6
Shanghai,Greater China,13.7,10.82,3.33,11.49,15.17,39.34,1,1,1,1
California,North America,23.31,10.77,7.3,3.22,10.66,44.599999999999994,3,2,2,3
Indonesia,Rest of Asia,15.37,8.22,9.34,4.31,16.89,37.24,4,1,1,4
India,Rest of Asia,10.51,4.76,4.46,4.38,18.39,24.11,2,0,0,2
Australia,Rest of World,6.49,5.45,4.03,3.42,7.18,19.39,2,0,0,2
South Africa,Rest of World,19.55,6.88,2.3,8.49,9.23,37.22,6,1,1,6
Mexico,Rest of World,25.83,11.65,1.26,7.76,14.63,46.49999999999999,6,2,2,6
South Korea,Rest of Asia,16.55,10.73,5.97,5.41,6.88,38.66,3,1,1,3
South Korea,Rest of Asia,6.89,11.78,8.58,7.66,18.24,34.91,5,1,1,5
Brazil,Rest of World,13.58,11.45,6.11,3.86,5.3,35.0,4,1,1,4
Japan,Rest of Asia,10.91,8.68,6.63,11.62,11.34,37.839999999999996,5,1,1,5
France,Europe,5.37,8.0,8.04,4.53,19.02,25.94,4,0,0,4
Indonesia,Rest of Asia,7.41,2.77,5.57,3.52,16.46,19.27,2,0,0,2
Australia,Rest of World,15.75,6.93,4.86,7.89,9.66,35.43,2,1,1,2
Indonesia,Rest of Asia,11.55,4.38,7.38,11.23,8.03,34.54,5,1,1,5
Beijing,Greater China,24.19,8.27,4.97,3.39,11.65,40.82,3,1,1,3
Canada,Rest of World,27.99,2.18,2.39,6.04,16.46,38.599999999999994,6,1,1,6
Beijing,Greater China,21.44,6.84,3.63,7.15,13.54,39.06,6,1,1,6
Shenzhen,Greater China,16.23,9.37,1.9,8.64,14.05,36.14,1,1,0,1
UK,Europe,25.52,11.8,3.57,6.9,13.48,47.79,3,2,2,3
France,Europe,16.35,4.79,4.64,8.51,17.21,34.29,6,1,1,6
California,North America,18.63,14.13,4.57,8.97,5.92,46.3,1,2,2,1
Florida,North America,7.67,9.85,3.24,5.86,12.83,26.619999999999997,1,0,0,1
Mexico,Rest of World,12.43,4.46,2.4,2.27,11.97,21.56,2,0,0,2
Shanghai,Greater China,20.71,2.92,7.85,5.07,10.96,36.550000000000004,0,1,1,0
Brazil,Rest of World,17.34,11.43,3.24,5.72,14.5,37.73,1,1,1,1
Germany,Europe,27.78,8.03,3.83,6.73,11.26,46.370000000000005,6,2,2,6
Texas,North America,11.75,13.96,9.63,11.19,12.96,46.53,5,2,2,5
Indonesia,Rest of Asia,27.03,13.3,1.19,8.43,17.36,49.949999999999996,6,2,2,6
Chongqing,Greater China,11.34,5.69,8.37,2.0,17.28,27.4,4,0,0,4
New York,North America,21.63,6.61,8.42,10.78,11.27,47.44,0,2,2,0
Germany,Europe,25.57,3.51,2.56,6.65,5.08,38.29,6,1,1,6
Mexico,Rest of World,7.11,5.74,2.18,9.25,14.81,24.28,1,0,0,1
Japan,Rest of Asia,19.28,12.19,5.1,2.98,10.08,39.55,3,1,1,3
California,North America,27.49,11.69,6.85,11.78,7.05,57.81,0,2,2,0
UK,Europe,6.61,10.26,8.61,7.27,9.4,32.75,4,0,0,4
Illinois,North America,13.63,3.65,8.87,8.89,13.49,35.04,5,1,1,5
Chongqing,Greater China,12.92,5.21,8.94,3.43,17.77,30.5,4,0,1,4
Hong Kong,Greater China,23.49,13.79,5.09,4.31,19.12,46.68000000000001,3,2,2,3
Texas,North America,11.52,6.87,9.04,5.66,6.48,33.09,4,0,0,4
Japan,Rest of Asia,22.7,6.54,8.47,9.12,19.35,46.83,0,2,2,0
Spain,Europe,13.74,9.84,2.8,7.59,6.83,33.97,1,0,0,1
Shanghai,Greater China,17.53,8.79,9.73,11.36,16.75,47.41,5,2,2,5
Beijing,Greater China,6.78,10.7,6.71,6.05,8.9,30.240000000000002,4,0,0,4
Italy,Europe,13.55,12.05,9.07,11.61,11.14,46.28,5,2,2,5
South Korea,Rest of Asia,12.58,8.89,6.35,4.69,11.43,32.51,4,0,0,4
Shenzhen,Greater China,13.28,13.97,5.91,6.16,17.88,39.31999999999999,1,1,1,1
Shenzhen,Greater China,9.79,14.03,6.73,3.49,13.52,34.04,4,0,0,4
California,North America,22.37,14.16,8.24,7.21,10.35,51.980000000000004,3,2,2,3
Illinois,North America,19.05,14.91,8.43,3.68,9.01,46.07,3,2,2,3
Japan,Rest of Asia,26.98,4.57,3.88,6.24,9.78,41.67,6,1,1,6
Chongqing,Greater China,19.3,5.82,5.95,11.67,5.29,42.74,5,1,1,5
South Africa,Rest of World,18.93,11.93,5.56,4.24,6.53,40.660000000000004,3,1,1,3
Hong Kong,Greater China,24.42,4.41,4.24,2.18,6.63,35.25,2,1,1,2
Brazil,Rest of World,8.05,14.28,9.69,7.68,19.92,39.699999999999996,5,1,1,5
Thailand,Rest of Asia,9.07,2.49,3.23,10.3,6.1,25.090000000000003,2,0,0,2
Hong Kong,Greater China,7.97,11.25,8.14,7.41,12.6,34.769999999999996,5,1,1,4
Spain,Europe,11.1,14.95,1.24,7.14,8.96,34.42999999999999,1,1,1,1
Thailand,Rest of Asia,6.59,3.17,4.78,7.05,7.25,21.59,2,0,0,2
Mexico,Rest of World,19.82,13.07,8.8,2.95,17.65,44.64,3,2,2,3
Shanghai,Greater China,21.55,5.16,8.64,10.22,15.54,45.57,0,2,2,0
Japan,Rest of Asia,13.85,8.61,7.3,8.44,10.42,38.2,5,1,1,5
Shenzhen,Greater China,7.31,7.86,2.83,11.06,13.54,29.060000000000002,1,0,0,1
South Africa,Rest of World,28.67,10.1,7.26,8.45,15.32,54.480000000000004,0,2,2,0
France,Europe,20.47,3.82,3.93,6.63,18.85,34.85,2,1,1,2
California,North America,16.67,2.75,6.04,5.1,14.38,30.560000000000002,2,0,0,2
New York,North America,22.32,10.5,6.36,4.12,15.47,43.3,3,2,2,3
Indonesia,Rest of Asia,19.11,12.75,8.73,4.22,13.88,44.81,3,2,2,3
Illinois,North America,6.19,14.22,3.39,10.11,18.87,33.91,1,0,0,1
Hong Kong,Greater China,24.66,3.14,1.31,11.25,17.27,40.36,6,1,1,6
Germany,Europe,13.46,5.15,7.31,6.16,8.54,32.08,4,0,0,4
Shenzhen,Greater China,9.71,2.84,5.54,2.87,15.56,20.96,2,0,0,2
Spain,Europe,10.88,11.41,3.46,3.94,9.99,29.69,1,0,0,1
Shanghai,Greater China,14.82,7.95,8.34,4.74,12.2,35.85,4,1,1,4
France,Europe,27.09,12.62,8.08,7.32,5.66,55.11,3,2,2,3
Beijing,Greater China,19.19,4.53,7.44,3.05,13.78,34.21,4,0,1,0
California,North America,17.24,13.57,3.1,10.62,10.12,44.529999999999994,1,2,2,1
Mexico,Rest of World,26.7,4.67,2.42,3.02,7.98,36.81,2,1,1,2
Australia,Rest of World,24.9,9.84,7.3,11.03,9.36,53.06999999999999,0,2,2,0
Indonesia,Rest of Asia,13.65,13.04,5.47,8.81,6.4,40.97,1,1,1,1
France,Europe,20.59,2.59,3.43,11.06,8.16,37.67,6,1,1,6
Shenzhen,Greater China,15.18,10.78,8.88,3.2,14.49,38.040000000000006,4,1,1,4
France,Europe,15.51,9.04,7.31,11.56,10.38,43.419999999999995,5,2,2,5
Mexico,Rest of World,10.52,12.54,9.95,8.19,15.63,41.199999999999996,5,1,1,5
Japan,Rest of Asia,8.17,5.89,5.49,3.06,11.18,22.609999999999996,2,0,0,2
Canada,Rest of World,6.84,2.59,4.66,10.03,18.05,24.119999999999997,5,0,0,5
France,Europe,16.17,6.25,5.2,5.94,10.75,33.56,2,0,0,2
Illinois,North America,25.81,9.78,9.21,5.29,19.22,50.089999999999996,0,2,2,0
France,Europe,28.37,9.34,7.72,5.11,9.38,50.54,3,2,2,3
Spain,Europe,29.32,6.14,2.13,5.15,11.59,42.74,6,1,1,6
France,Europe,17.47,6.45,5.96,9.54,17.89,39.42,5,1,1,5
Spain,Europe,28.29,2.6,7.08,6.41,12.76,44.379999999999995,0,2,2,0
Japan,Rest of Asia,25.89,12.24,2.57,10.17,12.26,50.870000000000005,6,2,2,6
UK,Europe,14.66,2.02,4.01,3.18,7.72,23.869999999999997,2,0,0,2
Germany,Europe,10.56,8.31,8.02,4.01,9.9,30.9,4,0,0,4
Thailand,Rest of Asia,24.57,6.21,2.81,10.02,14.4,43.61,6,2,2,6
Texas,North America,13.32,14.24,3.42,11.94,19.45,42.92,1,1,2,1
France,Europe,19.64,13.24,8.34,9.42,11.24,50.64,5,2,2,5
Shenzhen,Greater China,28.7,13.2,4.5,8.12,5.96,54.519999999999996,3,2,2,3
Beijing,Greater China,13.87,2.77,3.36,5.27,7.49,25.27,2,0,0,2
Thailand,Rest of Asia,15.23,9.26,8.13,5.88,9.56,38.50000000000001,4,1,1,4
Indonesia,Rest of Asia,13.23,3.27,4.9,2.85,8.52,24.25,2,0,0,2
Italy,Europe,11.09,11.39,5.03,6.65,7.71,34.160000000000004,1,0,0,1
Thailand,Rest of Asia,15.15,5.11,2.66,11.15,10.51,34.07,6,0,0,6
France,Europe,29.29,12.6,1.65,11.36,18.39,54.9,6,2,2,6
Texas,North America,25.29,13.2,1.18,3.93,10.2,43.599999999999994,3,2,2,3
Brazil,Rest of World,25.37,10.9,4.92,8.31,8.09,49.50000000000001,3,2,2,3
Chongqing,Greater China,29.79,9.95,3.21,2.08,16.92,45.029999999999994,3,2,2,3
India,Rest of Asia,12.22,9.87,2.63,3.08,8.1,27.799999999999997,2,0,0,1
Thailand,Rest of Asia,29.11,5.69,2.63,3.62,7.47,41.05,2,1,1,2
Thailand,Rest of Asia,23.16,8.93,3.83,4.02,16.65,39.94,3,1,1,3
Thailand,Rest of Asia,12.14,10.06,9.86,11.66,17.46,43.72,5,2,1,5
South Africa,Rest of World,25.88,6.07,3.38,9.13,14.26,44.46,6,2,2,6
South Korea,Rest of Asia,26.18,11.01,7.76,5.81,18.93,50.76,3,2,2,3
UK,Europe,8.18,6.99,9.07,2.43,11.09,26.67,4,0,0,4
Mexico,Rest of World,23.67,14.17,5.63,2.58,11.55,46.050000000000004,3,2,2,3
New York,North America,10.51,8.38,4.59,3.55,7.12,27.03,2,0,0,2
South Africa,Rest of World,15.52,5.26,2.42,8.48,9.93,31.680000000000003,6,0,0,6
Australia,Rest of World,27.31,13.88,2.04,4.64,19.19,47.87,3,2,2,3
India,Rest of Asia,25.56,12.26,8.03,11.71,11.21,57.56,0,2,2,0
Hong Kong,Greater China,22.78,8.21,8.54,6.24,13.87,45.77,0,2,2,0
France,Europe,9.17,9.6,3.3,10.44,19.57,32.51,1,0,0,1
Indonesia,Rest of Asia,10.43,2.11,5.41,3.73,5.08,21.68,2,0,0,2
Chongqing,Greater China,6.05,3.53,4.81,2.77,11.98,17.16,2,0,0,2
Illinois,North America,14.23,3.04,6.64,3.69,16.25,27.6,2,0,0,2
Canada,Rest of World,6.25,3.96,1.37,8.25,17.29,19.830000000000002,2,0,0,2
Beijing,Greater China,27.45,6.87,2.33,2.92,6.81,39.57,2,1,1,2
Shanghai,Greater China,24.24,7.72,9.43,4.55,5.37,45.94,0,2,2,0
Shanghai,Greater China,8.79,11.65,3.63,4.09,13.34,28.159999999999997,1,0,0,1
Hong Kong,Greater China,20.26,11.31,4.82,3.05,9.23,39.44,3,1,1,3
Italy,Europe,28.77,2.72,7.59,2.66,14.75,41.739999999999995,0,1,1,0
Illinois,North America,15.26,11.95,1.64,11.23,5.85,40.08,1,1,1,1
UK,Europe,15.46,12.17,9.5,2.64,5.84,39.77,4,1,1,4
Beijing,Greater China,25.57,5.5,1.87,9.4,5.96,42.339999999999996,6,1,2,6
Thailand,Rest of Asia,13.54,7.75,7.94,9.77,5.21,39.0,5,1,1,5
Florida,North America,27.69,9.48,8.96,2.95,8.06,49.080000000000005,3,2,2,3
Illinois,North America,11.66,10.8,5.89,10.3,14.55,38.650000000000006,5,1,1,5
UK,Europe,15.34,2.69,5.21,6.56,6.56,29.8,2,0,0,2
Australia,Rest of World,6.0,8.95,5.34,8.64,17.24,28.93,5,0,0,5
Chongqing,Greater China,12.32,8.07,6.2,8.22,8.62,34.81,5,1,1,5
Shanghai,Greater China,25.63,6.95,2.22,5.58,14.04,40.379999999999995,6,1,1,6
Germany,Europe,17.94,6.86,5.96,2.72,10.74,33.480000000000004,2,0,0,2
Japan,Rest of Asia,25.51,8.31,5.64,4.11,19.53,43.57,3,2,2,3
Japan,Rest of Asia,24.7,7.21,3.55,8.39,13.65,43.85,6,2,2,6
Indonesia,Rest of Asia,6.77,9.26,9.15,7.03,5.77,32.21,4,0,0,4
New York,North America,6.99,9.92,3.96,11.69,5.22,32.56,1,0,0,1
Shanghai,Greater China,19.58,8.16,8.75,3.94,15.63,40.42999999999999,4,1,1,4
Hong Kong,Greater China,24.03,6.8,8.62,5.11,9.21,44.56,0,2,2,0
Spain,Europe,12.46,6.64,1.11,4.95,9.56,25.16,2,0,0,2
Canada,Rest of World,15.64,10.53,9.21,3.81,8.29,39.190000000000005,4,1,1,4
South Korea,Rest of Asia,12.85,5.99,3.61,7.15,14.59,29.6,2,0,0,2
Italy,Europe,29.42,4.21,2.14,3.59,15.2,39.36,2,1,1,2
Australia,Rest of World,5.15,8.54,3.21,7.33,5.56,24.229999999999997,1,0,0,1
Italy,Europe,24.69,11.59,3.76,9.99,8.37,50.03,6,2,2,6
UK,Europe,14.43,14.82,6.18,5.39,11.42,40.82,3,1,1,3
Illinois,North America,16.35,2.07,3.84,5.07,15.07,27.330000000000002,2,0,0,2
Germany,Europe,26.07,9.91,5.4,2.02,12.68,43.400000000000006,3,2,2,3
Shanghai,Greater China,12.31,8.48,7.16,2.62,8.59,30.57,4,0,0,4
New York,North America,21.11,14.06,6.39,6.51,17.43,48.07,3,2,2,3
Chongqing,Greater China,5.39,7.1,7.34,7.52,19.87,27.349999999999998,5,0,0,5
Japan,Rest of Asia,18.21,13.74,3.61,11.21,11.45,46.77,1,2,2,1
Illinois,North America,27.26,7.38,7.37,11.43,16.06,53.44,0,2,2,0
Illinois,North America,29.65,11.31,9.31,3.07,15.5,53.34,3,2,2,3
Beijing,Greater China,7.4,7.66,4.26,8.86,14.01,28.18,1,0,0,1
France,Europe,20.72,5.77,1.33,3.06,8.16,30.88,2,0,0,2
Hong Kong,Greater China,23.42,13.31,2.21,7.14,16.54,46.080000000000005,3,2,2,1
South Korea,Rest of Asia,25.46,12.24,9.99,3.1,17.26,50.790000000000006,3,2,2,3
Indonesia,Rest of Asia,22.51,12.29,4.79,6.62,7.65,46.209999999999994,3,2,2,3
Thailand,Rest of Asia,26.44,8.83,5.3,5.35,16.6,45.92,3,2,2,3
California,North America,21.69,13.93,5.36,5.19,12.43,46.17,3,2,2,3
France,Europe,16.42,11.08,7.26,6.17,11.6,40.93,4,1,1,4
Hong Kong,Greater China,12.45,13.97,7.94,10.76,16.8,45.12,5,2,2,5
Brazil,Rest of World,23.71,2.82,1.35,8.83,18.27,36.71,6,1,1,6
Beijing,Greater China,14.56,11.22,3.02,7.17,15.21,35.97,1,1,1,1
Italy,Europe,9.02,7.24,9.16,4.84,15.04,30.259999999999998,4,0,0,4
Texas,North America,19.08,5.74,4.64,3.64,19.87,33.1,2,0,0,2
Brazil,Rest of World,15.52,9.58,7.11,2.22,12.14,34.43,4,1,1,4
Brazil,Rest of World,27.57,7.1,6.07,11.74,18.66,52.480000000000004,0,2,2,0
Hong Kong,Greater China,28.72,13.02,6.11,8.74,18.64,56.589999999999996,3,2,2,3
Shanghai,Greater China,27.23,3.62,8.61,7.23,14.87,46.69,0,2,2,0
Spain,Europe,23.56,6.28,3.99,3.09,13.73,36.92,2,1,1,2
Texas,North America,17.01,5.72,7.21,3.97,14.68,33.910000000000004,4,0,0,4
Australia,Rest of World,17.3,9.35,8.9,11.19,8.14,46.739999999999995,5,2,2,5
Italy,Europe,8.42,9.83,7.72,11.71,6.61,37.68,5,1,1,5
Spain,Europe,12.26,10.07,7.8,2.79,5.15,32.92,4,0,1,4
South Korea,Rest of Asia,14.97,13.28,7.21,5.21,18.38,40.67,3,1,1,3
Shenzhen,Greater China,10.24,14.91,5.72,10.48,8.71,41.349999999999994,1,1,1,1
France,Europe,10.93,10.36,5.74,9.78,16.7,36.81,5,1,1,5
Chongqing,Greater China,12.0,9.84,2.35,4.33,5.81,28.520000000000003,1,0,0,1
Japan,Rest of Asia,29.04,9.38,8.81,10.21,7.79,57.440000000000005,0,2,2,0
South Africa,Rest of World,21.15,9.68,7.28,4.46,19.58,42.57,3,1,1,3
Thailand,Rest of Asia,6.6,10.07,6.42,9.62,14.27,32.71,5,0,0,5
Australia,Rest of World,6.79,6.06,2.31,10.51,14.45,25.67,1,0,0,1
India,Rest of Asia,26.43,4.31,9.58,11.52,11.32,51.84,0,2,2,0
Florida,North America,19.87,3.91,5.48,7.19,12.23,36.45,0,1,1,0
Canada,Rest of World,10.67,9.67,1.02,6.36,5.79,27.72,1,0,0,1
South Africa,Rest of World,19.81,14.06,4.62,8.08,16.41,46.56999999999999,1,2,2,3
Australia,Rest of World,18.78,14.52,4.79,3.66,18.16,41.75,3,1,1,3
Shenzhen,Greater China,6.45,3.68,3.03,7.05,8.05,20.21,2,0,0,2
New York,North America,17.96,14.79,5.38,8.93,18.16,47.06,1,2,2,1
South Korea,Rest of Asia,28.13,9.06,8.01,3.48,11.41,48.67999999999999,3,2,2,3
Chongqing,Greater China,23.18,14.84,5.7,7.6,19.4,51.32,3,2,2,3
Illinois,North America,18.32,14.18,4.14,6.93,8.34,43.57,1,2,2,1
Thailand,Rest of Asia,22.6,2.76,8.2,5.41,9.36,38.97,0,1,1,0
UK,Europe,13.56,8.79,7.62,8.57,9.26,38.540000000000006,5,1,1,5
Beijing,Greater China,8.45,8.87,3.29,11.93,17.78,32.54,1,0,0,1
Indonesia,Rest of Asia,23.77,12.36,1.05,10.0,8.17,47.17999999999999,6,2,2,6
California,North America,15.63,8.18,6.63,4.95,14.96,35.39,4,1,1,4
Hong Kong,Greater China,24.44,8.65,2.32,2.48,8.09,37.89,3,1,1,3
Canada,Rest of World,10.64,11.27,3.57,6.89,12.13,32.37,1,0,0,1
Shanghai,Greater China,15.09,12.66,4.85,2.99,18.02,35.59,3,1,1,3
Texas,North America,16.82,2.58,2.23,2.23,9.27,23.86,2,0,0,2
Shenzhen,Greater China,5.4,7.9,1.97,3.59,17.91,18.86,2,0,0,2
Shanghai,Greater China,23.76,14.09,5.86,9.08,9.42,52.79,3,2,2,3
Mexico,Rest of World,21.49,3.77,1.2,10.88,12.14,37.339999999999996,6,1,1,6
Shenzhen,Greater China,17.76,6.89,9.97,11.6,8.75,46.220000000000006,5,2,2,5
Illinois,North America,25.92,5.47,8.74,11.47,18.94,51.6,0,2,2,0
Texas,North America,18.79,4.25,4.4,10.75,18.1,38.19,6,1,1,6
California,North America,27.65,3.1,9.51,8.05,8.82,48.31,0,2,2,0
UK,Europe,6.57,11.26,8.33,4.53,8.92,30.689999999999998,4,0,0,4
New York,North America,7.38,14.85,4.67,9.15,6.81,36.05,1,1,1,1
Hong Kong,Greater China,10.72,14.88,8.21,11.83,19.15,45.64,5,2,2,5
Japan,Rest of Asia,11.35,6.08,6.41,6.07,18.16,29.91,4,0,0,4
Chongqing,Greater China,8.14,10.72,5.03,8.64,11.12,32.53,1,0,0,1
Italy,Europe,12.95,11.92,6.23,5.02,5.7,36.12,4,1,1,4
Indonesia,Rest of Asia,8.19,8.9,2.62,5.76,8.73,25.47,1,0,0,1
Shenzhen,Greater China,27.14,5.66,4.54,6.88,5.15,44.22,6,2,2,6
Shanghai,Greater China,20.61,3.48,7.44,8.22,12.25,39.75,0,1,1,0
Texas,North America,25.12,2.84,6.93,12.0,13.02,46.89,0,2,2,0
New York,North America,9.14,7.02,4.42,11.98,6.19,32.56,5,0,0,5
Spain,Europe,7.61,2.16,1.38,8.44,18.92,19.589999999999996,2,0,0,2
Indonesia,Rest of Asia,20.15,2.04,4.48,10.21,18.62,36.879999999999995,6,1,1,6
Illinois,North America,12.92,12.04,3.07,10.97,6.41,39.0,1,1,1,1
Hong Kong,Greater China,8.84,6.64,4.94,11.95,10.11,32.370000000000005,5,0,0,5
Italy,Europe,27.29,3.77,6.3,8.73,16.86,46.09,0,2,2,0
Mexico,Rest of World,29.53,10.31,7.85,11.47,12.62,59.160000000000004,0,2,2,0
Hong Kong,Greater China,25.91,12.47,2.99,5.03,10.97,46.400000000000006,3,2,2,3
Canada,Rest of World,17.16,8.62,9.87,3.37,15.46,39.019999999999996,4,1,1,4
Germany,Europe,8.24,14.98,2.78,7.55,17.75,33.55,1,0,0,1
Canada,Rest of World,21.59,13.54,8.89,3.5,6.63,47.519999999999996,3,2,2,3
Australia,Rest of World,8.13,13.38,3.67,7.76,11.6,32.94,1,0,0,1
New York,North America,5.88,14.83,9.34,3.91,18.49,33.96,4,0,0,4
California,North America,5.15,7.28,8.22,5.83,17.72,26.479999999999997,4,0,0,4
France,Europe,22.8,6.52,7.88,10.84,9.85,48.040000000000006,0,2,2,0
New York,North America,11.52,12.38,5.22,7.11,8.62,36.23,1,1,0,1
Canada,Rest of World,8.22,2.71,3.69,2.66,13.22,17.28,2,0,0,2
Canada,Rest of World,13.54,5.64,8.94,10.53,10.46,38.65,5,1,1,5
Mexico,Rest of World,27.55,11.15,5.8,5.31,17.71,49.81,3,2,2,3
Shanghai,Greater China,10.4,4.97,6.07,5.91,16.8,27.35,2,0,1,4
South Africa,Rest of World,26.91,3.94,5.41,7.69,15.8,43.95,0,2,2,0
France,Europe,9.31,12.46,9.8,9.89,13.11,41.46000000000001,5,1,1,5
Shanghai,Greater China,23.3,5.6,1.43,11.64,19.47,41.97,6,1,1,6
Germany,Europe,10.52,9.79,8.39,6.19,15.87,34.89,4,1,1,4
California,North America,5.69,11.8,1.92,8.02,11.96,27.430000000000003,1,0,0,1
Indonesia,Rest of Asia,11.45,11.89,5.25,8.28,7.81,36.87,1,1,1,1
UK,Europe,25.68,14.39,5.95,4.97,13.95,50.99,3,2,2,3
Spain,Europe,29.73,14.94,1.33,5.55,7.67,51.55,3,2,2,3
UK,Europe,11.86,11.42,3.57,2.81,9.37,29.66,1,0,0,1
Germany,Europe,19.03,3.21,2.56,2.42,15.18,27.22,2,0,0,2
New York,North America,12.41,6.0,7.24,11.47,16.26,37.12,5,1,1,5
France,Europe,28.05,7.11,7.24,7.87,11.17,50.27,0,2,2,0
South Korea,Rest of Asia,13.25,12.38,5.2,7.62,5.28,38.45,1,1,1,1
California,North America,19.25,3.89,2.12,7.44,9.33,32.7,6,0,0,6
Australia,Rest of World,8.91,6.35,9.52,11.67,11.79,36.45,5,1,1,5
South Africa,Rest of World,15.61,2.25,1.57,10.86,9.88,30.29,6,0,0,6
Shenzhen,Greater China,27.8,7.82,8.92,8.42,18.05,52.96000000000001,0,2,2,0
Australia,Rest of World,20.71,9.7,7.04,9.68,19.36,47.13,5,2,2,5
Thailand,Rest of Asia,7.37,5.64,2.64,2.03,16.2,17.68,2,0,0,2
France,Europe,24.43,3.0,1.66,9.13,13.02,38.22,6,1,1,6
Indonesia,Rest of Asia,5.18,14.37,5.84,9.83,14.36,35.22,1,1,1,1
Canada,Rest of World,15.38,4.48,8.2,11.87,9.64,39.93,5,1,1,5
California,North America,17.9,3.1,7.83,7.62,6.06,36.449999999999996,0,1,1,0
Canada,Rest of World,20.21,3.06,7.73,11.2,5.14,42.2,0,1,1,0
Canada,Rest of World,27.96,4.43,9.12,7.81,11.77,49.32,0,2,2,0
South Korea,Rest of Asia,11.99,7.52,5.86,4.33,11.77,29.699999999999996,4,0,0,4
Australia,Rest of World,20.54,6.26,5.04,6.18,17.2,38.019999999999996,2,1,1,2
Germany,Europe,7.17,9.25,6.81,3.96,14.45,27.19,4,0,0,4
Australia,Rest of World,11.49,11.77,9.45,2.68,11.03,35.38999999999999,4,1,1,4
Beijing,Greater China,28.25,2.77,3.5,6.61,14.21,41.129999999999995,6,1,1,6
South Korea,Rest of Asia,14.99,3.34,6.54,8.39,15.05,33.26,0,0,0,0
New York,North America,24.79,11.2,7.34,2.36,19.11,45.69,3,2,2,3
Brazil,Rest of World,12.98,10.11,3.79,10.88,9.57,37.76,1,1,1,1
Shenzhen,Greater China,15.86,4.38,3.62,9.33,11.84,33.19,6,0,0,6
Illinois,North America,17.98,10.65,8.5,5.86,5.13,42.99,4,1,1,4
Indonesia,Rest of Asia,22.33,9.06,1.7,7.22,17.77,40.31,6,1,1,6
India,Rest of Asia,10.07,2.55,9.22,11.73,10.69,33.57000000000001,5,0,0,5
Mexico,Rest of World,21.49,13.81,6.75,4.59,16.75,46.64,3,2,2,3
Chongqing,Greater China,8.65,9.91,4.88,7.09,16.61,30.53,1,0,0,1
Mexico,Rest of World,18.08,8.79,7.33,11.61,9.29,45.809999999999995,5,2,2,5
Texas,North America,20.88,8.87,5.09,3.46,15.98,38.300000000000004,3,1,1,3
Mexico,Rest of World,15.85,7.34,2.61,11.47,5.04,37.269999999999996,6,1,1,6
Shanghai,Greater China,21.25,2.47,4.5,2.94,7.46,31.16,2,0,0,2
South Africa,Rest of World,18.46,5.05,4.66,8.3,16.21,36.47,6,1,1,6
Florida,North America,24.52,10.46,5.49,7.37,7.9,47.84,3,2,2,3
Beijing,Greater China,23.31,13.2,9.76,4.4,11.36,50.669999999999995,3,2,2,3
Thailand,Rest of Asia,13.32,6.04,2.3,11.87,11.0,33.53,6,0,0,6
Brazil,Rest of World,21.18,5.25,7.02,7.88,14.39,41.330000000000005,0,1,1,0
Spain,Europe,10.85,4.44,3.15,4.83,9.91,23.269999999999996,2,0,0,2
Canada,Rest of World,8.99,2.52,5.98,5.34,17.24,22.830000000000002,2,0,0,2
India,Rest of Asia,8.3,8.85,6.95,7.47,10.47,31.569999999999997,5,0,0,5
France,Europe,15.08,10.71,2.43,8.45,13.99,36.67,1,1,1,1
Italy,Europe,15.08,3.92,5.56,4.85,13.37,29.409999999999997,2,0,0,2
California,North America,14.91,7.47,5.79,11.48,17.2,39.65,5,1,1,5
Canada,Rest of World,9.8,5.84,8.05,11.83,13.22,35.52,5,1,1,5
California,North America,5.93,4.12,2.96,3.26,10.66,16.270000000000003,2,0,0,2
Spain,Europe,13.38,8.86,5.79,6.7,7.81,34.730000000000004,4,1,0,1
Germany,Europe,28.74,2.17,9.0,11.02,16.03,50.92999999999999,0,2,2,0
Australia,Rest of World,25.92,11.34,1.78,5.5,8.95,44.540000000000006,3,2,2,3
Australia,Rest of World,7.69,2.82,5.45,5.38,7.96,21.34,2,0,0,2
New York,North America,21.46,14.34,2.02,7.55,14.15,45.37,1,2,2,1
Indonesia,Rest of Asia,18.71,2.85,9.52,11.3,8.33,42.38,0,1,1,0
Beijing,Greater China,18.81,12.84,2.24,9.83,19.9,43.72,1,2,2,1
India,Rest of Asia,20.77,9.83,8.25,8.36,16.97,47.21,0,2,2,0
New York,North America,8.79,5.68,5.43,9.52,9.49,29.419999999999998,5,0,0,5
Chongqing,Greater China,6.72,6.7,6.7,10.15,15.39,30.270000000000003,5,0,0,5
Thailand,Rest of Asia,27.0,12.84,8.35,3.81,9.96,52.00000000000001,3,2,2,3
Beijing,Greater China,12.71,6.18,4.33,10.1,9.24,33.32,5,0,0,5
California,North America,13.84,9.81,9.43,9.39,14.17,42.47,5,1,1,5
South Africa,Rest of World,9.93,5.03,8.37,6.23,8.8,29.56,4,0,0,4
UK,Europe,27.39,11.38,7.16,3.76,13.39,49.690000000000005,3,2,2,3
Canada,Rest of World,20.92,4.16,1.9,9.89,15.11,36.870000000000005,6,1,1,6
Texas,North America,5.14,8.35,6.85,6.24,19.78,26.58,4,0,0,4
Illinois,North America,8.92,7.12,4.2,10.16,13.44,30.4,5,0,0,5
India,Rest of Asia,10.29,4.14,9.37,5.19,17.79,28.99,4,0,0,4
South Korea,Rest of Asia,22.87,12.14,5.49,8.74,15.12,49.24000000000001,3,2,2,3
Shenzhen,Greater China,10.72,7.05,9.15,7.58,6.28,34.5,4,1,1,4
Florida,North America,16.53,3.96,7.95,5.23,12.09,33.67,4,0,0,4
Mexico,Rest of World,29.51,13.95,4.06,6.71,11.58,54.230000000000004,3,2,2,3
South Korea,Rest of Asia,7.25,5.66,7.74,7.93,10.37,28.58,5,0,0,5
Florida,North America,20.71,13.68,8.67,3.25,16.99,46.31,3,2,2,3
Brazil,Rest of World,28.0,7.41,8.41,2.47,11.49,46.28999999999999,3,2,2,3
Mexico,Rest of World,16.63,6.13,8.0,4.33,15.42,35.089999999999996,4,1,1,4
Brazil,Rest of World,8.96,11.91,1.25,11.32,5.98,33.44,1,0,0,1
California,North America,14.77,13.15,5.54,11.89,6.61,45.35,5,2,2,5
Brazil,Rest of World,29.14,8.44,2.02,2.24,12.56,41.84,3,1,1,3
Japan,Rest of Asia,12.16,6.52,3.74,9.28,7.67,31.700000000000003,6,0,0,6
Japan,Rest of Asia,22.76,2.92,4.46,10.42,19.7,40.56,6,1,1,6
Thailand,Rest of Asia,10.25,13.61,2.3,5.03,11.81,31.19,1,0,0,1
Spain,Europe,15.82,6.9,3.86,10.49,8.17,37.07,6,1,1,6
New York,North America,29.45,5.29,8.75,8.13,19.26,51.620000000000005,0,2,2,0
Italy,Europe,20.0,14.02,5.33,5.33,16.53,44.67999999999999,3,2,2,3
Spain,Europe,21.6,4.59,1.41,4.57,9.87,32.17,2,0,0,2
Brazil,Rest of World,27.8,11.54,3.7,2.86,16.55,45.900000000000006,3,2,2,3
Spain,Europe,21.84,8.21,9.43,2.88,12.46,42.36000000000001,4,1,1,4
Shanghai,Greater China,29.24,4.72,3.11,11.14,18.4,48.21,6,2,2,6
Japan,Rest of Asia,12.65,2.69,5.05,5.94,16.12,26.330000000000002,2,0,0,2
India,Rest of Asia,12.33,12.22,5.21,3.79,14.35,33.550000000000004,1,0,1,3
Italy,Europe,7.54,9.33,6.92,9.28,8.03,33.07,5,0,0,5
Germany,Europe,7.38,3.45,6.63,11.02,10.66,28.48,5,0,0,5
Italy,Europe,21.3,14.75,3.52,3.71,18.47,43.28,3,2,2,3
Beijing,Greater China,7.96,14.67,8.5,4.85,18.01,35.98,4,1,1,4
France,Europe,20.42,5.53,3.3,11.51,16.83,40.760000000000005,6,1,1,6
Brazil,Rest of World,20.77,9.99,7.6,11.27,18.32,49.629999999999995,5,2,2,5
Spain,Europe,10.08,6.93,7.37,4.1,5.25,28.479999999999997,4,0,0,4
Brazil,Rest of World,24.66,6.83,7.03,7.45,8.9,45.970000000000006,0,2,2,0
UK,Europe,21.56,11.89,5.05,4.32,12.15,42.82,3,1,1,3
Japan,Rest of Asia,19.07,4.77,3.38,2.84,5.96,30.06,2,0,0,2
Canada,Rest of World,28.52,4.57,7.07,4.17,18.97,44.330000000000005,0,2,2,0
Illinois,North America,19.38,12.14,2.45,6.56,5.29,40.53,1,1,1,1
Chongqing,Greater China,22.74,4.17,1.78,3.27,10.42,31.959999999999997,2,0,0,2
Beijing,Greater China,24.97,4.92,6.58,4.78,9.54,41.25,0,1,1,0
Beijing,Greater China,16.98,12.27,7.23,2.08,16.0,38.56,3,1,1,3
UK,Europe,22.18,2.47,3.53,3.84,14.24,32.019999999999996,2,0,1,2
New York,North America,14.95,14.47,1.69,10.05,14.62,41.160000000000004,1,1,1,1
South Africa,Rest of World,19.78,3.72,8.3,10.31,7.7,42.11,0,1,1,0
South Africa,Rest of World,22.14,12.54,8.53,6.04,7.77,49.25,3,2,2,3
Canada,Rest of World,25.35,7.32,1.05,6.19,17.62,39.91,6,1,1,6
Germany,Europe,27.82,13.14,2.53,4.26,8.29,47.75,3,2,2,3
Thailand,Rest of Asia,7.36,7.94,9.37,5.61,5.8,30.28,4,0,0,4
Hong Kong,Greater China,14.52,3.61,8.91,7.15,17.45,34.19,4,0,0,4
Spain,Europe,12.48,14.82,3.5,2.64,6.12,33.44,1,0,0,1
Beijing,Greater China,22.2,9.22,9.08,8.0,19.2,48.5,0,2,2,0
Canada,Rest of World,29.57,3.74,7.22,3.46,15.51,43.99,0,2,2,0
Brazil,Rest of World,11.11,4.96,5.03,11.26,7.87,32.36,5,0,0,5
California,North America,21.05,14.33,2.0,4.93,13.87,42.31,3,1,1,3
Illinois,North America,10.35,4.66,6.45,9.48,16.77,30.94,5,0,0,5
Australia,Rest of World,13.5,10.56,2.64,6.71,7.0,33.410000000000004,1,0,0,1
Texas,North America,14.94,11.8,3.76,9.76,16.89,40.26,1,1,1,1
Texas,North America,25.59,8.76,6.99,10.01,5.93,51.35,0,2,2,0
Florida,North America,18.26,8.81,9.7,10.7,19.83,47.47,5,2,2,5
India,Rest of Asia,12.09,3.09,4.53,7.29,17.38,27.0,2,0,0,2
Florida,North America,15.22,6.6,6.79,8.28,14.08,36.89,5,1,1,5
Florida,North America,25.95,14.36,4.31,9.19,15.24,53.81,3,2,2,3
Thailand,Rest of Asia,6.56,7.89,8.6,11.86,14.13,34.91,5,1,1,5
Brazil,Rest of World,9.64,2.22,4.41,2.2,12.13,18.470000000000002,2,0,0,2
Japan,Rest of Asia,17.25,11.29,5.25,10.47,10.77,44.26,5,2,2,5
Florida,North America,25.58,11.99,4.39,5.74,12.06,47.7,3,2,2,3
Hong Kong,Greater China,6.19,5.28,1.22,6.89,15.95,19.580000000000002,2,0,0,2
South Korea,Rest of Asia,17.25,3.52,4.46,2.59,13.09,27.82,2,0,0,2
Australia,Rest of World,18.12,9.63,9.44,3.7,19.52,40.89,4,1,1,4
Japan,Rest of Asia,15.81,5.84,2.18,2.41,9.54,26.24,2,0,0,2
Australia,Rest of World,16.77,14.13,5.79,2.65,9.36,39.339999999999996,3,1,1,3
Germany,Europe,25.8,3.67,7.02,4.63,9.44,41.12,0,1,1,0
Brazil,Rest of World,13.97,11.47,2.04,9.39,6.96,36.870000000000005,1,1,1,1
New York,North America,28.05,7.01,5.86,3.56,5.79,44.480000000000004,3,2,2,3
Brazil,Rest of World,29.41,11.48,6.58,10.15,12.18,57.62,0,2,2,0
UK,Europe,29.73,3.5,8.74,2.04,11.96,44.010000000000005,0,2,2,0
Florida,North America,7.61,10.77,6.57,8.6,10.14,33.55,5,0,1,5
Germany,Europe,15.11,4.02,2.7,3.71,10.18,25.54,2,0,0,2
Thailand,Rest of Asia,20.52,13.15,8.34,9.53,12.3,51.540000000000006,5,2,2,5
South Africa,Rest of World,17.3,9.96,7.28,10.54,18.23,45.08,5,2,2,5
South Africa,Rest of World,15.43,4.04,1.86,8.16,16.24,29.49,6,0,0,6
Spain,Europe,28.86,9.59,9.53,8.1,10.91,56.080000000000005,0,2,2,0
Australia,Rest of World,15.55,8.94,1.42,3.61,14.92,29.520000000000003,2,0,0,2
Brazil,Rest of World,21.36,13.43,6.14,6.9,5.54,47.83,3,2,2,3
Hong Kong,Greater China,20.48,8.56,2.95,4.53,18.32,36.519999999999996,2,1,1,2
Canada,Rest of World,11.63,12.53,4.12,5.02,16.32,33.3,1,0,0,1
Thailand,Rest of Asia,22.42,6.13,2.53,7.18,10.61,38.260000000000005,6,1,1,6
Shenzhen,Greater China,12.74,14.61,7.33,2.93,7.59,37.61,4,1,1,3
India,Rest of Asia,12.16,13.56,5.03,3.46,17.39,34.21,1,0,1,3
New York,North America,12.95,13.03,6.17,9.1,12.21,41.25,1,1,1,1
California,North America,28.17,11.25,1.94,7.44,17.56,48.8,6,2,2,6
Florida,North America,26.96,2.94,8.19,10.78,13.56,48.870000000000005,0,2,2,0
Texas,North America,6.68,8.15,2.76,7.32,18.44,24.91,1,0,0,1
Chongqing,Greater China,14.27,5.51,6.3,2.92,9.17,29.0,4,0,0,4
Canada,Rest of World,23.78,4.46,2.11,8.82,12.17,39.17,6,1,1,6
Texas,North America,22.4,2.95,8.05,11.15,6.27,44.55,0,2,2,0
Illinois,North America,12.35,14.98,2.82,5.48,13.37,35.629999999999995,1,1,1,1
Texas,North America,11.86,6.12,8.61,9.26,6.31,35.85,5,1,0,5
UK,Europe,22.94,11.84,8.65,8.07,5.33,51.5,3,2,2,3
Illinois,North America,12.79,12.64,9.45,5.6,10.35,40.48,4,1,2,4
California,North America,27.65,6.9,2.0,3.32,7.17,39.87,2,1,1,2
Mexico,Rest of World,17.92,11.59,5.69,6.34,6.74,41.540000000000006,3,1,1,3
California,North America,12.08,6.74,4.7,8.32,19.88,31.84,5,0,1,2
UK,Europe,15.44,11.66,5.61,8.5,13.53,41.21,1,1,1,1
Germany,Europe,13.51,14.96,6.05,8.48,19.82,43.0,1,1,1,1
Beijing,Greater China,12.23,3.7,5.84,6.45,16.19,28.22,2,0,0,2
Australia,Rest of World,22.4,11.74,4.43,2.38,5.6,40.95,3,1,1,3
Shenzhen,Greater China,13.01,14.91,5.61,3.28,19.83,36.81,3,1,1,3
Italy,Europe,23.59,14.45,6.95,7.05,7.64,52.04,3,2,2,3
Japan,Rest of Asia,27.34,11.31,2.28,10.84,8.38,51.769999999999996,6,2,2,6
Shenzhen,Greater China,14.33,13.57,2.67,9.7,17.34,40.269999999999996,1,1,1,1
Australia,Rest of World,7.54,8.85,9.9,2.72,8.68,29.009999999999998,4,0,0,4
UK,Europe,6.35,9.83,8.9,5.62,14.34,30.7,4,0,0,4
Shenzhen,Greater China,29.35,10.47,1.98,10.24,8.49,52.04,6,2,2,6
Shenzhen,Greater China,13.34,9.77,7.59,7.6,16.63,38.3,5,1,1,5
Germany,Europe,9.73,4.56,7.95,2.44,12.06,24.68,4,0,0,4
South Africa,Rest of World,26.06,6.32,2.6,10.86,9.12,45.839999999999996,6,2,2,6
Brazil,Rest of World,9.41,3.09,7.66,7.5,5.78,27.66,4,0,0,4
Mexico,Rest of World,21.71,13.14,9.48,7.72,18.3,52.05,3,2,2,3
Australia,Rest of World,8.79,8.6,1.59,8.21,12.45,27.19,1,0,0,1
South Africa,Rest of World,22.76,10.87,9.71,6.24,18.27,49.580000000000005,3,2,2,3
India,Rest of Asia,22.97,10.67,8.77,9.56,10.16,51.97,0,2,2,0
South Africa,Rest of World,15.44,7.46,9.87,11.65,13.36,44.419999999999995,5,2,2,5
Florida,North America,28.96,11.93,8.7,4.71,19.35,54.300000000000004,3,2,2,3
Hong Kong,Greater China,5.85,14.24,6.83,7.08,14.87,34.0,1,0,0,1
Hong Kong,Greater China,5.58,9.39,6.13,11.49,7.45,32.59,5,0,0,5
South Korea,Rest of Asia,19.58,6.98,1.61,4.33,18.91,32.5,2,0,0,2
Beijing,Greater China,26.71,11.5,3.82,10.25,17.36,52.28,6,2,2,6
Hong Kong,Greater China,26.15,12.92,1.25,9.7,10.86,50.019999999999996,6,2,2,6
Spain,Europe,13.75,6.06,5.7,3.73,14.26,29.24,2,0,0,2
Shanghai,Greater China,13.63,7.72,3.88,5.51,18.85,30.740000000000002,2,0,0,2
France,Europe,21.9,6.27,5.4,6.3,14.58,39.87,0,1,1,0
Shenzhen,Greater China,18.9,4.82,6.29,3.75,8.87,33.76,2,0,0,2
Beijing,Greater China,19.04,12.7,8.69,7.08,12.51,47.51,3,2,2,3
Germany,Europe,24.96,10.79,6.13,9.75,15.41,51.63,0,2,2,0
Thailand,Rest of Asia,12.92,14.39,8.45,10.4,18.2,46.160000000000004,5,2,2,5
Indonesia,Rest of Asia,26.29,11.99,3.87,6.44,14.99,48.589999999999996,3,2,2,3
Brazil,Rest of World,7.98,12.4,8.33,11.92,18.14,40.63,5,1,1,5
Canada,Rest of World,7.35,6.03,3.98,7.16,9.44,24.52,2,0,0,2
Chongqing,Greater China,24.15,14.53,3.87,8.57,12.1,51.12,3,2,2,3
Shanghai,Greater China,17.39,13.87,5.23,6.68,13.79,43.169999999999995,1,2,2,1
Thailand,Rest of Asia,12.26,2.23,6.96,9.94,10.05,31.39,5,0,1,5
Australia,Rest of World,11.36,13.61,7.37,2.92,16.05,35.26,4,1,0,4
Spain,Europe,22.1,7.66,7.0,2.94,15.45,39.7,3,1,1,3
Germany,Europe,5.82,3.33,9.21,9.56,8.31,27.92,5,0,0,5
Hong Kong,Greater China,25.5,10.61,4.78,7.1,5.99,47.99,3,2,2,3
Mexico,Rest of World,18.64,13.91,4.68,9.38,15.69,46.61,1,2,2,1
Brazil,Rest of World,14.73,6.38,5.57,6.73,5.18,33.41,2,0,0,2
France,Europe,23.94,10.64,3.26,4.68,11.48,42.519999999999996,3,1,2,3
Chongqing,Greater China,27.21,2.42,4.14,8.31,13.51,42.080000000000005,6,1,1,6
California,North America,14.59,11.48,5.66,11.73,9.61,43.46,5,2,1,5
Canada,Rest of World,22.01,5.15,8.75,7.12,5.53,43.03,0,1,1,0
Brazil,Rest of World,21.66,3.45,3.62,2.56,18.71,31.29,2,0,0,2
Shanghai,Greater China,10.66,8.41,3.62,5.95,8.13,28.64,1,0,0,1
Italy,Europe,27.9,6.32,1.26,6.67,18.38,42.15,6,1,1,6
Indonesia,Rest of Asia,22.51,9.85,2.23,11.33,10.41,45.919999999999995,6,2,2,6
Indonesia,Rest of Asia,27.64,13.13,8.26,9.14,11.25,58.17,3,2,2,3
Italy,Europe,23.36,11.82,2.63,10.69,19.23,48.5,6,2,2,6
Texas,North America,22.76,9.55,7.09,8.3,13.83,47.7,0,2,2,0
Canada,Rest of World,6.01,9.42,3.24,6.8,11.18,25.470000000000002,1,0,0,1
New York,North America,9.59,3.29,5.59,7.09,8.56,25.56,2,0,0,2
Italy,Europe,13.87,13.89,1.69,3.44,11.26,32.89,1,0,0,1
Texas,North America,9.88,13.84,7.42,2.18,7.2,33.32,4,0,0,4
California,North America,24.35,13.45,7.85,4.12,11.39,49.769999999999996,3,2,2,3
Beijing,Greater China,10.44,14.65,8.78,4.15,13.03,38.019999999999996,4,1,1,4
Shanghai,Greater China,16.26,5.21,9.84,4.89,5.17,36.2,4,1,1,4
California,North America,13.44,14.52,8.54,10.81,17.72,47.31,5,2,2,5
South Africa,Rest of World,15.57,10.33,6.16,10.12,10.25,42.18,5,1,1,5
India,Rest of Asia,12.18,3.59,9.51,5.1,17.73,30.380000000000003,4,0,0,4
Beijing,Greater China,6.12,8.41,7.26,9.35,18.29,31.14,5,0,0,5
Florida,North America,19.91,11.35,1.49,6.5,12.29,39.25,1,1,1,1
Chongqing,Greater China,12.04,7.89,4.89,10.64,19.44,35.46,5,1,1,5
Illinois,North America,20.48,3.58,5.55,8.6,15.76,38.21,0,1,1,0
Indonesia,Rest of Asia,10.88,2.73,2.5,8.35,6.34,24.46,2,0,0,2
India,Rest of Asia,10.0,14.62,1.13,9.25,13.78,35.0,1,1,1,1
UK,Europe,5.61,2.96,7.7,2.63,16.48,18.9,4,0,0,4
India,Rest of Asia,12.98,9.79,4.06,6.14,12.43,32.97,1,0,1,1
California,North America,17.61,11.5,8.58,9.43,16.6,47.12,5,2,2,5
France,Europe,22.82,5.21,4.34,4.89,5.28,37.260000000000005,2,1,1,2
India,Rest of Asia,18.76,12.64,4.19,2.76,13.49,38.35,3,1,1,3
India,Rest of Asia,22.08,14.79,2.1,4.67,10.11,43.64,3,2,2,3
UK,Europe,25.12,6.11,6.3,5.83,8.97,43.36,0,2,2,0
Germany,Europe,29.23,3.75,8.25,8.5,9.5,49.730000000000004,0,2,2,0
Shenzhen,Greater China,27.26,10.84,9.89,8.92,18.68,56.910000000000004,0,2,2,0
New York,North America,15.05,5.17,6.6,3.26,14.13,30.08,4,0,0,4
South Africa,Rest of World,6.1,7.75,7.75,5.23,9.44,26.830000000000002,4,0,0,4
India,Rest of Asia,28.32,3.17,7.82,3.83,8.52,43.14,0,2,2,0
Thailand,Rest of Asia,6.75,13.07,3.18,5.8,11.03,28.8,1,0,0,1
New York,North America,13.88,2.64,6.23,5.25,13.76,28.0,2,0,0,2
UK,Europe,14.78,13.11,8.69,11.0,7.29,47.58,5,2,2,5
Germany,Europe,5.21,10.41,4.26,6.42,18.42,26.300000000000004,1,0,0,1
India,Rest of Asia,21.83,8.71,1.02,8.99,8.01,40.55,6,1,1,6
France,Europe,12.87,6.96,6.43,11.49,6.89,37.75,5,1,1,5
Brazil,Rest of World,5.49,5.86,3.56,9.33,16.34,24.240000000000002,1,0,0,1
Mexico,Rest of World,9.37,5.89,7.35,7.31,7.98,29.919999999999998,4,0,0,4
California,North America,13.26,3.92,6.32,6.2,17.52,29.7,2,0,0,4
Japan,Rest of Asia,19.33,9.44,3.05,11.78,11.28,43.599999999999994,6,2,2,6
India,Rest of Asia,5.65,10.93,9.02,11.35,14.83,36.949999999999996,5,1,1,5
Italy,Europe,16.71,14.02,1.66,8.42,11.48,40.81,1,1,1,1
Illinois,North America,26.65,3.09,8.27,2.82,12.1,40.83,0,1,1,0
Indonesia,Rest of Asia,19.06,11.7,1.68,5.68,8.05,38.12,1,1,1,1
Mexico,Rest of World,11.62,9.35,1.88,6.51,7.38,29.36,1,0,0,1
South Korea,Rest of Asia,28.02,2.11,6.65,4.45,9.77,41.230000000000004,0,1,1,0
India,Rest of Asia,21.25,12.34,1.2,7.98,8.4,42.77000000000001,1,1,1,1
Florida,North America,14.41,12.67,5.15,5.24,18.77,37.47,1,1,1,1
Hong Kong,Greater China,13.74,9.31,2.58,5.91,7.59,31.540000000000003,1,0,0,1
France,Europe,5.53,9.44,7.03,11.95,16.93,33.95,5,0,0,5
UK,Europe,23.52,8.37,4.52,2.62,12.02,39.029999999999994,3,1,1,3
Italy,Europe,21.57,6.09,1.08,2.23,18.56,30.970000000000002,2,0,0,2
South Africa,Rest of World,13.69,8.89,7.27,3.59,10.16,33.44,4,0,0,4
Shenzhen,Greater China,25.61,8.52,1.65,11.17,12.01,46.949999999999996,6,2,2,6
Thailand,Rest of Asia,24.37,10.77,7.15,4.95,15.33,47.24,3,2,2,3
India,Rest of Asia,26.51,9.32,4.56,3.02,7.28,43.410000000000004,3,2,2,3
Texas,North America,19.66,14.01,8.96,6.02,18.36,48.650000000000006,3,2,2,3
Beijing,Greater China,19.19,3.43,7.73,4.35,5.89,34.7,0,1,1,0
Japan,Rest of Asia,10.38,9.08,7.76,7.2,7.24,34.42,4,1,1,4
Hong Kong,Greater China,25.77,11.81,6.51,10.8,16.38,54.89,0,2,2,0
Shenzhen,Greater China,5.58,3.44,6.48,10.16,12.48,25.66,5,0,0,5
Italy,Europe,18.53,4.34,2.06,11.23,17.5,36.16,6,1,1,6
Brazil,Rest of World,9.05,8.99,5.99,7.88,18.03,31.91,5,0,0,1
South Korea,Rest of Asia,14.54,8.22,4.98,4.16,12.03,31.9,2,0,0,2
Brazil,Rest of World,13.67,12.78,3.84,9.41,11.93,39.7,1,1,1,1
Australia,Rest of World,9.45,14.16,2.21,3.63,18.54,29.45,1,0,0,1
Shanghai,Greater China,22.23,7.27,5.54,3.67,12.87,38.71,3,1,1,3
California,North America,17.46,10.32,8.52,9.5,17.4,45.8,5,2,2,5
Australia,Rest of World,19.43,9.36,2.11,7.07,10.77,37.97,6,1,1,6
Illinois,North America,15.24,13.28,1.01,11.28,9.69,40.81,1,1,1,1
South Africa,Rest of World,17.54,6.09,7.95,2.01,11.88,33.589999999999996,4,0,0,4
California,North America,8.02,14.9,4.86,2.82,12.53,30.6,1,0,0,1
Texas,North America,14.01,2.31,3.43,2.74,10.15,22.490000000000002,2,0,0,2
France,Europe,5.45,9.06,9.97,6.45,15.83,30.930000000000003,4,0,0,4
Shanghai,Greater China,27.57,9.24,6.18,5.56,13.86,48.550000000000004,3,2,2,3
Shenzhen,Greater China,26.23,14.42,4.53,3.29,12.3,48.47,3,2,2,3
Beijing,Greater China,28.05,9.21,5.9,4.3,7.59,47.46,3,2,2,3
Mexico,Rest of World,8.21,11.64,4.29,10.36,11.78,34.5,1,1,1,1
Canada,Rest of World,8.27,4.83,5.18,8.16,19.5,26.44,2,0,0,2
Mexico,Rest of World,6.3,6.3,4.26,11.71,12.16,28.57,5,0,0,5
Spain,Europe,13.92,13.14,9.24,2.26,6.11,38.56,4,1,1,4
Thailand,Rest of Asia,27.36,3.93,4.49,11.36,17.18,47.14,6,2,2,6
Canada,Rest of World,25.81,12.31,7.1,6.73,13.92,51.95,3,2,2,3
Spain,Europe,22.38,10.78,5.38,10.44,10.4,48.98,6,2,2,6
Italy,Europe,29.94,14.17,1.4,9.29,5.27,54.8,6,2,2,6
South Africa,Rest of World,10.83,10.67,6.12,11.63,16.87,39.25,5,1,1,5
South Korea,Rest of Asia,17.83,6.66,6.19,9.95,8.12,40.629999999999995,5,1,1,5
Shanghai,Greater China,8.27,2.99,9.59,3.82,5.08,24.67,4,0,0,4
Florida,North America,23.5,2.55,9.11,11.32,10.6,46.48,0,2,2,0
New York,North America,8.52,5.33,1.14,7.3,18.08,22.29,2,0,0,2
India,Rest of Asia,26.95,6.54,6.06,6.21,9.92,45.760000000000005,0,2,2,0
Beijing,Greater China,9.21,8.17,3.38,4.37,6.61,25.130000000000003,2,0,0,2
Chongqing,Greater China,17.88,2.98,3.09,5.54,17.79,29.49,2,0,0,2
Brazil,Rest of World,7.14,11.64,9.39,3.22,8.15,31.39,4,0,0,4
Japan,Rest of Asia,7.95,6.12,9.44,3.61,9.81,27.119999999999997,4,0,0,4
Japan,Rest of Asia,8.19,5.53,6.65,8.47,18.17,28.839999999999996,5,0,0,5
France,Europe,21.02,11.72,1.66,10.28,18.23,44.68,6,2,2,6
Mexico,Rest of World,27.41,14.14,6.52,7.23,5.95,55.3,3,2,2,3
Shanghai,Greater China,15.28,6.38,5.68,2.34,16.05,29.68,2,0,0,2
Hong Kong,Greater China,27.94,12.84,2.53,6.12,13.49,49.43,3,2,2,3
Hong Kong,Greater China,5.15,7.2,4.8,10.64,10.1,27.790000000000003,5,0,0,5
Chongqing,Greater China,24.55,14.99,4.45,2.41,8.94,46.400000000000006,3,2,2,3
UK,Europe,9.42,11.6,6.71,2.99,7.67,30.72,4,0,0,4
California,North America,28.31,12.63,6.6,2.49,11.83,50.03,3,2,2,3
Indonesia,Rest of Asia,24.1,7.67,5.02,6.55,5.01,43.34,0,2,2,0
Canada,Rest of World,24.91,2.11,1.45,4.9,17.76,33.37,2,0,1,2
Mexico,Rest of World,16.03,2.94,2.53,10.11,14.1,31.610000000000003,6,0,0,6
Indonesia,Rest of Asia,19.7,10.09,4.45,10.12,14.85,44.36,6,2,2,6
Australia,Rest of World,25.7,3.87,6.57,8.44,9.86,44.58,0,2,2,0
Italy,Europe,12.03,10.36,4.95,10.21,12.46,37.55,5,1,1,5
France,Europe,29.32,4.6,9.57,2.78,11.52,46.27,0,2,2,0
South Africa,Rest of World,14.78,2.9,1.99,2.35,16.95,22.02,2,0,0,2
Germany,Europe,24.45,12.71,8.08,2.85,11.84,48.089999999999996,3,2,2,3
Italy,Europe,8.81,5.75,2.53,6.9,5.82,23.990000000000002,2,0,0,2
California,North America,25.84,11.52,9.2,8.27,18.09,54.83,0,2,2,0
Shanghai,Greater China,20.05,8.11,7.08,5.05,14.32,40.29,4,1,1,4
Germany,Europe,19.39,2.67,3.65,4.23,15.77,29.94,2,0,0,2
New York,North America,16.89,11.77,6.5,6.01,10.32,41.169999999999995,3,1,1,3
Mexico,Rest of World,5.05,11.92,4.29,10.91,7.8,32.17,1,0,0,1
Illinois,North America,22.48,7.09,9.57,6.73,19.34,45.870000000000005,0,2,2,0
Texas,North America,11.35,8.9,5.0,6.01,6.95,31.259999999999998,1,0,0,1
South Africa,Rest of World,25.37,4.1,8.08,3.34,14.06,40.89,0,1,1,0
New York,North America,13.44,12.15,5.42,3.78,18.5,34.79,3,1,1,3
Hong Kong,Greater China,18.88,4.46,7.16,8.41,7.58,38.91,0,1,1,0
Indonesia,Rest of Asia,13.84,3.15,5.55,2.5,16.32,25.04,2,0,0,2
Shanghai,Greater China,28.43,13.56,4.73,8.77,6.65,55.489999999999995,3,2,2,3
Shenzhen,Greater China,7.5,4.68,3.48,6.4,17.51,22.060000000000002,2,0,0,2
Spain,Europe,24.67,8.87,1.96,7.19,15.91,42.69,6,1,1,6
Shanghai,Greater China,5.03,8.79,4.26,6.34,11.05,24.419999999999998,1,0,0,1
South Africa,Rest of World,23.2,5.86,6.94,6.24,6.46,42.24,0,1,1,0
South Africa,Rest of World,5.13,6.18,9.91,8.51,14.34,29.729999999999997,5,0,0,5
Spain,Europe,18.81,13.1,3.83,5.07,18.47,40.809999999999995,3,1,1,3
France,Europe,12.95,9.26,2.6,8.49,19.36,33.300000000000004,1,0,0,1
Indonesia,Rest of Asia,24.82,14.44,6.37,6.4,19.8,52.029999999999994,3,2,2,3
Shanghai,Greater China,10.3,11.64,5.62,8.81,19.6,36.370000000000005,1,1,1,1
Texas,North America,24.33,9.24,1.89,5.97,18.39,41.43,6,1,1,6
Shenzhen,Greater China,17.34,14.99,4.76,7.99,13.08,45.08,1,2,2,1
Japan,Rest of Asia,7.35,7.92,8.36,10.92,19.55,34.55,5,1,1,5
Mexico,Rest of World,18.54,14.83,6.56,2.48,6.6,42.41,3,1,1,3
Shenzhen,Greater China,19.42,7.73,1.6,7.98,6.94,36.730000000000004,6,1,1,6
Spain,Europe,26.9,13.22,3.3,10.12,5.28,53.53999999999999,6,2,2,6
Germany,Europe,19.1,14.29,1.81,4.65,9.2,39.85,1,1,1,3
South Korea,Rest of Asia,25.67,8.61,7.76,5.44,14.27,47.48,0,2,2,0
South Korea,Rest of Asia,7.13,9.48,6.28,7.95,19.15,30.84,5,0,0,5
Japan,Rest of Asia,28.14,8.82,9.19,5.82,11.1,51.97,0,2,2,0
Germany,Europe,7.99,9.05,8.66,5.09,14.53,30.79,4,0,0,4
New York,North America,23.52,12.05,7.4,2.95,15.72,45.92,3,2,2,3
Mexico,Rest of World,6.18,2.72,3.53,7.96,7.19,20.39,2,0,0,2
Brazil,Rest of World,24.48,10.53,2.9,10.91,10.52,48.81999999999999,6,2,2,6
Indonesia,Rest of Asia,23.41,6.38,4.88,9.77,12.39,44.44,6,2,2,6
Hong Kong,Greater China,19.9,9.5,2.98,9.9,12.16,42.279999999999994,6,1,1,6
Beijing,Greater China,5.39,4.04,2.43,2.07,11.78,13.93,2,0,0,2
Beijing,Greater China,18.72,3.39,6.45,6.27,10.99,34.83,0,1,1,0
Canada,Rest of World,7.47,9.09,2.07,2.33,10.9,20.96,2,0,0,2
UK,Europe,10.38,7.28,1.13,3.96,14.43,22.75,2,0,0,2
South Africa,Rest of World,23.64,7.76,4.12,4.24,12.0,39.76,3,1,1,3
Hong Kong,Greater China,15.66,7.07,2.87,3.4,9.79,29.0,2,0,0,2
Beijing,Greater China,27.33,4.73,6.67,10.26,15.15,48.99,0,2,2,0
Beijing,Greater China,12.66,3.71,7.96,4.72,10.32,29.05,4,0,0,4
Mexico,Rest of World,14.91,13.15,5.9,10.54,7.69,44.5,5,2,2,5
South Korea,Rest of Asia,23.6,4.81,2.5,10.24,16.27,41.15,6,1,1,6
Beijing,Greater China,21.6,6.15,9.77,5.66,7.41,43.17999999999999,0,2,0,0
Italy,Europe,11.87,6.55,8.27,3.15,5.51,29.839999999999996,4,0,0,4
New York,North America,17.1,3.05,2.49,9.17,18.13,31.810000000000002,6,0,1,6
Brazil,Rest of World,8.13,3.98,2.34,11.65,17.51,26.1,6,0,0,2
Chongqing,Greater China,10.04,14.28,2.81,6.9,18.85,34.03,1,0,0,1
France,Europe,15.04,2.74,9.17,7.38,9.61,34.330000000000005,0,1,1,0
Australia,Rest of World,18.75,6.14,7.06,2.86,13.05,34.81,4,1,0,4
Thailand,Rest of Asia,9.16,6.7,4.01,11.76,9.0,31.629999999999995,5,0,0,5
UK,Europe,17.06,14.38,8.41,3.19,13.46,43.03999999999999,3,2,2,3
Chongqing,Greater China,26.07,10.24,2.99,10.65,13.24,49.95,6,2,2,6
Shenzhen,Greater China,19.99,3.1,6.74,9.22,10.09,39.05,0,1,1,0
Beijing,Greater China,13.58,14.22,9.94,9.01,10.69,46.75,5,2,2,5
California,North America,23.61,11.53,1.59,4.31,8.12,41.040000000000006,3,1,1,3
Indonesia,Rest of Asia,12.27,14.71,3.98,10.98,9.08,41.94,1,1,1,1
Brazil,Rest of World,14.09,7.76,9.42,6.79,6.61,38.06,4,1,1,4
UK,Europe,10.09,4.47,4.76,2.34,7.23,21.66,2,0,0,2
Spain,Europe,14.38,8.9,2.37,5.18,8.24,30.830000000000002,2,0,0,2
Italy,Europe,23.81,13.99,4.78,5.85,9.86,48.43,3,2,2,3
UK,Europe,16.4,8.47,9.58,4.07,16.51,38.519999999999996,4,1,1,4
Italy,Europe,10.02,11.7,7.84,3.62,11.05,33.18,4,0,0,4
Hong Kong,Greater China,25.85,14.77,8.96,10.93,8.59,60.510000000000005,3,2,2,3
Canada,Rest of World,25.48,14.99,4.38,5.75,19.14,50.6,3,2,2,3
Hong Kong,Greater China,24.92,10.26,3.27,6.77,13.89,45.22,6,2,2,6
Canada,Rest of World,26.94,8.67,8.38,6.74,7.39,50.730000000000004,0,2,2,0
Thailand,Rest of Asia,5.92,11.73,9.59,8.33,18.15,35.57,5,1,1,5
Brazil,Rest of World,21.78,5.56,8.03,4.92,6.71,40.29,0,1,0,0
Italy,Europe,9.74,11.09,5.77,2.17,9.84,28.769999999999996,4,0,0,4
Shenzhen,Greater China,21.52,13.82,9.62,4.1,14.21,49.06,3,2,2,3
Germany,Europe,23.69,4.06,7.95,11.14,7.39,46.84,0,2,2,0
Illinois,North America,14.84,7.35,1.87,6.61,8.08,30.669999999999998,2,0,0,2
Indonesia,Rest of Asia,12.38,12.93,8.72,11.58,18.8,45.61,5,2,2,5
UK,Europe,9.84,6.24,3.91,8.04,13.55,28.029999999999998,2,0,0,2
Chongqing,Greater China,24.33,7.88,1.17,3.56,10.23,36.940000000000005,2,1,1,2
Indonesia,Rest of Asia,25.66,3.63,4.93,8.92,17.17,43.14,6,2,2,6
Brazil,Rest of World,26.34,12.21,4.38,6.57,11.62,49.5,3,2,2,3
Hong Kong,Greater China,23.43,13.41,8.99,6.07,18.46,51.900000000000006,3,2,2,3
Shenzhen,Greater China,9.79,7.41,8.19,4.7,13.8,30.09,4,0,0,4
Germany,Europe,28.74,6.3,7.22,7.67,8.54,49.93,0,2,2,0
UK,Europe,9.2,8.24,4.09,7.72,19.64,29.249999999999996,1,0,0,1
Japan,Rest of Asia,29.25,13.09,5.42,7.1,6.84,54.86000000000001,3,2,2,3
Texas,North America,6.41,11.41,2.13,6.36,13.53,26.31,1,0,0,1
Brazil,Rest of World,14.88,11.87,2.54,7.82,8.35,37.11,1,1,1,1
France,Europe,16.5,7.47,4.12,11.25,14.61,39.34,6,1,1,6
Texas,North America,8.28,11.08,1.35,10.86,7.64,31.57,1,0,0,1
Beijing,Greater China,22.07,3.61,1.48,10.88,12.58,38.04,6,1,1,6
Thailand,Rest of Asia,6.22,12.78,9.11,9.81,7.93,37.92,5,1,1,5
Indonesia,Rest of Asia,29.92,2.07,5.05,2.68,8.5,39.72,2,1,1,2
UK,Europe,20.76,6.71,1.92,8.41,19.1,37.8,6,1,1,6
Florida,North America,15.59,7.58,6.4,5.72,8.49,35.29,4,1,1,4
Mexico,Rest of World,26.3,7.61,3.86,5.5,19.14,43.27,6,2,2,6
Florida,North America,13.25,10.82,3.92,9.6,15.73,37.59,1,1,1,1
Beijing,Greater China,24.71,3.05,2.73,11.73,6.08,42.22,6,1,1,6
Italy,Europe,19.24,12.55,6.75,7.6,13.92,46.14,3,2,2,3
South Africa,Rest of World,8.47,8.74,5.22,2.06,17.7,24.49,4,0,0,4
Italy,Europe,20.84,3.45,2.94,9.59,11.7,36.82,6,1,1,6
South Africa,Rest of World,28.35,5.04,8.67,10.51,7.72,52.57,0,2,2,0
UK,Europe,8.83,4.83,4.98,11.91,12.09,30.55,5,0,0,5
Thailand,Rest of Asia,7.62,2.9,8.03,6.36,18.76,24.909999999999997,4,0,0,4
Shenzhen,Greater China,29.78,9.05,2.12,8.13,14.84,49.08,6,2,2,6
Germany,Europe,10.91,10.81,4.13,3.53,7.12,29.38,1,0,0,1
Spain,Europe,11.49,12.75,5.24,7.87,15.15,37.35,1,1,1,1
New York,North America,13.06,9.02,8.62,4.75,10.67,35.449999999999996,4,1,1,4
Japan,Rest of Asia,24.19,6.45,5.85,4.44,7.98,40.93,0,1,1,0
New York,North America,5.07,5.37,5.42,5.93,17.85,21.79,2,0,0,4
Shenzhen,Greater China,9.49,11.72,7.92,10.65,14.17,39.78,5,1,1,5
UK,Europe,18.4,11.23,5.62,6.55,18.63,41.8,3,1,1,3
Canada,Rest of World,7.13,4.08,9.95,3.83,6.65,24.990000000000002,4,0,0,4
France,Europe,18.51,4.76,5.86,4.37,11.27,33.5,2,0,0,2
Florida,North America,16.91,2.57,2.81,11.64,15.72,33.93,6,0,0,6
New York,North America,17.59,6.79,9.3,9.43,8.24,43.11,5,2,2,5
South Korea,Rest of Asia,23.96,10.39,4.68,5.29,19.3,44.32,3,2,2,3
South Korea,Rest of Asia,14.37,12.97,3.13,11.55,17.48,42.019999999999996,1,1,1,1
Spain,Europe,6.94,12.76,4.19,3.42,16.43,27.310000000000002,1,0,0,1
Chongqing,Greater China,23.73,6.13,2.23,11.98,17.5,44.06999999999999,6,2,1,6
India,Rest of Asia,16.42,7.73,6.32,5.84,8.96,36.31,4,1,1,4
Japan,Rest of Asia,16.1,9.07,3.53,8.29,12.44,36.99,1,1,1,1
Hong Kong,Greater China,21.72,14.38,9.94,9.46,6.85,55.5,5,2,2,5
Indonesia,Rest of Asia,24.97,2.58,4.58,2.75,11.69,34.879999999999995,2,1,1,2
Hong Kong,Greater China,10.77,11.59,4.5,11.1,12.34,37.96,1,1,1,1
UK,Europe,21.97,7.99,5.25,10.71,5.49,45.92,6,2,1,0
Shenzhen,Greater China,21.41,7.94,7.51,7.59,6.69,44.45,0,2,2,0
Spain,Europe,7.41,13.94,3.08,8.59,10.45,33.019999999999996,1,0,0,1
California,North America,19.52,14.03,1.78,11.42,10.07,46.75,1,2,2,6
Shenzhen,Greater China,26.36,9.42,2.71,5.89,12.52,44.38,6,2,2,6
India,Rest of Asia,7.63,7.71,1.87,11.06,7.86,28.270000000000003,1,0,0,1
France,Europe,5.38,7.87,3.97,8.67,12.21,25.89,1,0,0,1
Brazil,Rest of World,23.61,12.9,7.46,3.22,8.49,47.19,3,2,2,3
France,Europe,7.69,5.9,8.0,8.95,8.4,30.54,5,0,0,5
New York,North America,11.1,11.74,5.19,3.84,12.36,31.87,4,0,0,4
Hong Kong,Greater China,9.26,4.22,8.55,2.49,16.18,24.520000000000003,4,0,0,4
Australia,Rest of World,19.25,14.0,6.24,8.39,7.07,47.88,3,2,2,3
Chongqing,Greater China,7.78,13.96,9.6,5.99,14.94,37.330000000000005,4,1,1,4
Italy,Europe,29.34,10.15,7.6,7.77,9.61,54.86,0,2,2,0
Shanghai,Greater China,22.67,4.42,8.99,10.48,16.31,46.56,0,2,2,0
Brazil,Rest of World,23.81,5.62,1.76,10.66,11.28,41.85,6,1,1,6
Italy,Europe,10.08,2.22,6.47,5.64,15.84,24.41,2,0,0,2
Texas,North America,20.03,14.67,6.11,5.5,6.57,46.31,3,2,2,3
South Africa,Rest of World,8.33,3.74,3.73,11.43,18.52,27.23,5,0,0,2
Japan,Rest of Asia,20.18,2.97,1.92,6.81,16.63,31.88,2,0,0,2
South Korea,Rest of Asia,29.55,10.53,3.18,10.37,14.14,53.629999999999995,6,2,2,6
Australia,Rest of World,7.51,8.86,6.5,4.4,12.16,27.269999999999996,4,0,0,4
California,North America,26.7,2.17,5.35,7.11,19.32,41.33,0,1,1,0
South Korea,Rest of Asia,17.1,2.89,6.55,6.37,5.73,32.910000000000004,2,0,0,2
UK,Europe,20.6,11.67,7.52,10.41,8.78,50.2,5,2,2,5
California,North America,12.39,11.66,5.22,3.79,7.08,33.06,4,0,1,3
Italy,Europe,24.51,11.2,4.99,11.16,18.53,51.86,6,2,2,6
South Africa,Rest of World,11.71,6.5,2.31,8.96,15.49,29.48,6,0,0,6
Spain,Europe,25.94,13.46,7.85,4.53,6.54,51.78000000000001,3,2,2,3
Chongqing,Greater China,8.41,13.24,3.29,3.42,10.9,28.36,1,0,0,1
Canada,Rest of World,12.64,9.24,5.66,9.02,11.24,36.56,5,1,1,5
Thailand,Rest of Asia,9.97,5.99,3.0,8.72,18.74,27.68,2,0,0,2
France,Europe,20.52,6.28,1.4,5.91,12.62,34.11,6,0,0,6
Australia,Rest of World,20.07,3.79,5.48,2.18,11.54,31.52,2,0,0,2
Brazil,Rest of World,29.78,8.86,7.67,9.97,8.13,56.28,0,2,2,0
Australia,Rest of World,27.78,9.02,4.87,7.86,13.78,49.529999999999994,6,2,2,6
South Korea,Rest of Asia,25.44,6.14,3.27,11.42,5.68,46.27,6,2,2,6
Spain,Europe,11.76,8.22,4.59,4.4,11.02,28.97,2,0,0,2
UK,Europe,13.04,7.61,9.17,8.64,15.66,38.46,5,1,1,5
South Korea,Rest of Asia,13.64,4.77,6.75,4.91,12.96,30.07,4,0,0,4
Japan,Rest of Asia,29.41,12.0,3.97,6.26,9.76,51.63999999999999,3,2,2,3
California,North America,22.03,6.98,2.8,6.93,8.24,38.74,6,1,1,6
Germany,Europe,8.22,3.25,1.69,7.56,8.69,20.72,2,0,0,2
Chongqing,Greater China,17.76,7.25,5.89,11.88,10.28,42.78,5,1,1,5
France,Europe,13.46,4.98,2.01,3.83,15.15,24.28,2,0,0,2
Florida,North America,22.8,8.65,7.46,2.29,5.58,41.2,3,1,1,3
New York,North America,9.77,8.79,7.75,10.52,6.65,36.83,5,1,1,5
South Korea,Rest of Asia,22.64,3.23,6.59,11.29,14.06,43.75,0,2,2,0
Australia,Rest of World,23.39,9.86,9.58,7.3,5.48,50.129999999999995,0,2,2,0
Indonesia,Rest of Asia,24.63,2.27,9.96,5.64,7.81,42.5,0,1,2,0
Illinois,North America,20.57,5.61,1.93,6.81,15.81,34.92,6,1,1,6
Mexico,Rest of World,6.78,3.13,7.16,4.05,16.28,21.12,4,0,0,4
Shanghai,Greater China,14.13,3.5,5.99,2.34,17.03,25.960000000000004,2,0,0,2
Illinois,North America,15.45,9.46,9.27,9.0,17.24,43.18,5,2,2,5
India,Rest of Asia,15.81,12.63,5.61,9.7,11.72,43.75,1,2,2,1
California,North America,11.59,12.97,3.38,9.7,9.79,37.64,1,1,1,1
Canada,Rest of World,6.61,5.0,3.43,5.28,13.28,20.32,2,0,0,2
Canada,Rest of World,21.71,4.92,9.39,4.98,6.41,41.0,0,1,1,0
France,Europe,6.74,14.54,6.45,7.65,9.36,35.38,1,1,1,1
France,Europe,19.49,2.05,4.03,10.59,12.4,36.16,6,1,1,6
Brazil,Rest of World,15.8,7.83,1.76,10.19,5.08,35.580000000000005,6,1,1,1
Japan,Rest of Asia,13.83,8.04,7.56,2.75,16.86,32.17999999999999,4,0,0,4
Canada,Rest of World,13.53,10.82,9.9,9.41,11.22,43.66,5,2,2,5
Germany,Europe,13.38,7.45,7.5,2.06,8.09,30.39,4,0,0,4
Florida,North America,26.52,13.91,7.2,10.97,15.44,58.6,3,2,2,3
Thailand,Rest of Asia,28.39,13.35,3.05,3.21,19.09,48.0,3,2,2,3
Indonesia,Rest of Asia,19.84,3.88,4.59,5.48,15.72,33.79,2,0,0,2
Florida,North America,11.65,4.34,3.34,8.37,6.42,27.699999999999996,2,0,0,2
Chongqing,Greater China,16.2,14.28,9.08,5.99,16.62,45.55,3,2,2,3
Canada,Rest of World,9.95,4.11,8.35,5.0,9.66,27.409999999999997,4,0,0,4
Spain,Europe,20.1,11.33,8.29,2.79,10.08,42.51,3,1,1,3
Spain,Europe,25.66,3.96,6.59,7.92,9.34,44.13,0,2,2,0
Illinois,North America,26.54,6.63,3.27,5.12,9.28,41.56,6,1,1,6
South Africa,Rest of World,14.1,2.74,1.18,5.59,17.91,23.61,2,0,0,2
South Korea,Rest of Asia,29.74,11.58,1.09,6.59,9.26,49.0,6,2,2,6
South Africa,Rest of World,29.23,12.58,3.74,5.14,8.33,50.690000000000005,3,2,2,3
UK,Europe,26.75,10.88,1.18,3.21,13.62,42.02,3,1,1,3
Brazil,Rest of World,23.09,14.03,3.91,3.71,11.27,44.74,3,2,2,3
Japan,Rest of Asia,23.96,13.9,5.41,2.61,9.37,45.879999999999995,3,2,2,3
Canada,Rest of World,13.19,7.41,1.53,6.82,11.1,28.950000000000003,2,0,0,2
New York,North America,16.49,3.32,9.93,7.99,7.06,37.73,0,1,1,0
Shanghai,Greater China,11.01,11.05,3.33,11.64,11.95,37.03,1,1,1,1
Canada,Rest of World,11.1,11.75,4.67,9.83,14.83,37.35,1,1,1,1
India,Rest of Asia,7.66,3.64,4.58,2.13,18.12,18.01,2,0,0,2
Japan,Rest of Asia,27.01,4.18,7.22,5.98,17.18,44.39,0,2,2,0
California,North America,19.67,13.0,4.21,10.37,13.28,47.25,1,2,2,1
India,Rest of Asia,16.08,6.56,4.02,9.12,13.3,35.779999999999994,6,1,0,6
Spain,Europe,11.44,10.35,7.89,11.39,16.72,41.07,5,1,1,5
Illinois,North America,21.51,5.46,4.09,6.08,19.01,37.14,2,1,1,2
Shanghai,Greater China,20.2,14.54,2.52,6.01,9.31,43.269999999999996,1,2,2,1
Hong Kong,Greater China,10.43,5.2,7.81,4.78,18.99,28.22,4,0,0,4
Spain,Europe,22.06,10.18,5.9,5.59,12.13,43.72999999999999,3,2,2,3
Illinois,North America,9.31,7.82,6.97,4.82,13.51,28.92,4,0,0,4
Beijing,Greater China,7.2,12.62,3.97,9.87,10.02,33.66,1,0,0,1
Indonesia,Rest of Asia,16.45,7.49,7.28,9.59,16.33,40.81,5,1,1,5
Japan,Rest of Asia,14.29,14.91,3.08,6.21,17.89,38.49,1,1,1,1
Mexico,Rest of World,29.86,10.3,7.4,9.6,18.56,57.16,0,2,2,0
Texas,North America,27.83,12.52,8.89,4.46,6.38,53.699999999999996,3,2,2,3
Germany,Europe,25.47,7.69,7.9,6.9,15.0,47.959999999999994,0,2,2,0
Shenzhen,Greater China,15.34,8.81,8.24,8.78,15.49,41.17,5,1,1,5
Shanghai,Greater China,26.3,4.06,3.41,5.69,14.29,39.459999999999994,6,1,1,6
